endTime,podcastName,episodeName,msPlayed,hourlyTime
2024-07-19 12:15:00,Pretty Lonesome with Madeline Argy,Yapping Again,2496286,2024-07-19 12:00:00
2024-07-19 14:01:00,Pretty Lonesome with Madeline Argy,Yapping Again,257163,2024-07-19 14:00:00
2024-07-19 20:26:00,Crime Junkie,"MURDERED: Roberta ""Bibi"" Lee",109560,2024-07-19 20:00:00
2024-07-20 13:57:00,Crime Junkie,"MURDERED: Roberta ""Bibi"" Lee",608384,2024-07-20 13:00:00
2024-07-20 16:36:00,True Crime with Kendall Rae,High School Teen & Rodeo Star Murdered by Her Ex: The Case of Ashley Doolittle,3072365,2024-07-20 16:00:00
2024-07-20 16:46:00,Hot Mess with Alix Earle,WTF Is Confidence? (ft. Ashtin),215154,2024-07-20 16:00:00
2024-07-22 09:48:00,Crime Junkie,"MURDERED: Roberta ""Bibi"" Lee",1454610,2024-07-22 09:00:00
2024-07-23 13:18:00,The Nikki & Brie Show,Love Island USA: Spill the Tea w/ Nikki & Brie featuring Serena & Kordell,1558575,2024-07-23 13:00:00
2024-07-24 07:44:00,Call Her Daddy,Rob’s Love Island Tell All,5082348,2024-07-24 07:00:00
2024-07-25 12:07:00,Crime Junkie,MISSING: Trevor Deely,1310090,2024-07-25 12:00:00
2024-07-25 20:58:00,Crime Junkie,MISSING: Trevor Deely,511840,2024-07-25 20:00:00
2024-07-26 06:53:00,Call Her Daddy,Leah’s Love Island Tell All,189013,2024-07-26 06:00:00
2024-07-26 07:21:00,Call Her Daddy,Leah’s Love Island Tell All,866786,2024-07-26 07:00:00
2024-07-26 10:06:00,Call Her Daddy,Leah’s Love Island Tell All,3737121,2024-07-26 10:00:00
2024-07-26 21:49:00,Crime Junkie,MISSING: Trevor Deely,726550,2024-07-26 21:00:00
2024-07-28 06:40:00,Crime Junkie,MISSING: Trevor Deely,951093,2024-07-28 06:00:00
2024-07-29 08:55:00,Crime Junkie,AUDIO EXTRA: Unsolved Mysteries Part 1 & 2,1422017,2024-07-29 08:00:00
2024-07-29 10:16:00,Crime Junkie,MURDERED: Kelly Disney,1285260,2024-07-29 10:00:00
2024-07-29 10:18:00,Crime Junkie,AUDIO EXTRA: Unsolved Mysteries Part 1 & 2,139480,2024-07-29 10:00:00
2024-07-29 10:48:00,Crime Junkie,MURDERED: Kelly Disney,976340,2024-07-29 10:00:00
2024-07-29 10:52:00,Crime Junkie,AUDIO EXTRA: Unsolved Mysteries Part 1 & 2,101100,2024-07-29 10:00:00
2024-08-08 07:06:00,Hot Mess with Alix Earle,Summering with John Summit,447808,2024-08-08 07:00:00
2024-08-09 07:37:00,Crime Junkie,WANTED: Justice for Arnold Archambeau & Ruby Bruguier,1797130,2024-08-09 07:00:00
2024-08-09 08:14:00,Crime Junkie,MYSTERIOUS DEATH OF: Robin Pope,2223500,2024-08-09 08:00:00
2024-08-09 09:07:00,Crime Junkie,SERIAL KILLER: Paul Bernardo & Karla Homolka,3123577,2024-08-09 09:00:00
2024-08-17 08:43:00,Crime Junkie,MYSTERIOUS DEATH OF: Cindy James,575870,2024-08-17 08:00:00
2024-08-17 13:04:00,American Wedding - Frank Ocean ,American Wedding ,267021,2024-08-17 13:00:00
2024-08-17 16:01:00, nostalgia,we all try*,520,2024-08-17 16:00:00
2024-08-19 17:18:00,True Crime with Kendall Rae,Vanished After Leaving a Bar: What Happened to 27-Year-Old Gretchen Fleming?,2818300,2024-08-19 17:00:00
2024-08-21 14:42:00,Not Skinny But Not Fat,KAYLOR & LIV CAME HERE FOR LOVE,178027,2024-08-21 14:00:00
2024-08-27 11:45:00,Crime Junkie,MYSTERIOUS DEATH OF: Cindy James,2665393,2024-08-27 11:00:00
2024-08-27 11:45:00,Call Her Daddy,I Got Catfished in Paris,11501,2024-08-27 11:00:00
2024-08-27 16:17:00,Crime Junkie,MYSTERIOUS DEATH OF: Jane Neumann,510920,2024-08-27 16:00:00
2024-08-28 04:48:00,Crime Junkie,MURDERED: Kent Leppink,3382527,2024-08-28 04:00:00
2024-08-29 18:51:00,Crime Junkie,"MURDERED: Bryan ""Nick"" Moore",290934,2024-08-29 18:00:00
2024-08-31 23:42:00,AlternateHistoryHub,The Only Way Germany Could’ve Won WWII,380,2024-08-31 23:00:00
2024-09-01 13:12:00,AlternateHistoryHub,The Only Way Germany Could’ve Won WWII,0,2024-09-01 13:00:00
2024-09-04 13:44:00,Crime Junkie,"MURDERED: Bryan ""Nick"" Moore",665900,2024-09-04 13:00:00
2024-09-04 20:12:00,Crime Junkie,"MURDERED: Bryan ""Nick"" Moore",1767727,2024-09-04 20:00:00
2024-09-04 21:51:00,Crime Junkie,"MURDERED: Bryan ""Nick"" Moore",508130,2024-09-04 21:00:00
2024-09-04 22:00:00,Crime Junkie,"MURDERED: Bryan ""Nick"" Moore",472477,2024-09-04 22:00:00
2024-09-05 15:04:00,Crime Junkie,AUDIO EXTRA: The Kentucky Meat Shower of 1876,412123,2024-09-05 15:00:00
2024-09-05 16:40:00,Crime Junkie,AUDIO EXTRA: The Kentucky Meat Shower of 1876,323580,2024-09-05 16:00:00
2024-09-05 17:32:00,Crime Junkie,AUDIO EXTRA: The Kentucky Meat Shower of 1876,26780,2024-09-05 17:00:00
2024-09-05 17:32:00,Crime Junkie,AUDIO EXTRA: The Kentucky Meat Shower of 1876,1003200,2024-09-05 17:00:00
2024-09-05 22:12:00,Crime Junkie,MURDERED: Mary & Susanne Reker,2258590,2024-09-05 22:00:00
2024-09-06 13:51:00,Crime Junkie,MURDERED: Mary & Susanne Reker,2236573,2024-09-06 13:00:00
2024-09-07 01:59:00,Crime Junkie,MISSING: Ben McDaniel & Kenneth Plaisted,1695420,2024-09-07 01:00:00
2024-09-07 16:07:00,Crime Junkie,MISSING: Ben McDaniel & Kenneth Plaisted,741950,2024-09-07 16:00:00
2024-09-08 16:15:00,CHEERS! with Avery Woods,EP 41 | nurse john x nurse ave,116,2024-09-08 16:00:00
2024-09-08 22:43:00,CHEERS! with Avery Woods,EP 41 | nurse john x nurse ave,2203,2024-09-08 22:00:00
2024-09-08 22:43:00,CHEERS! with Avery Woods,EP 41 | nurse john x nurse ave,1311,2024-09-08 22:00:00
2024-09-08 22:43:00,CHEERS! with Avery Woods,EP 41 | nurse john x nurse ave,492,2024-09-08 22:00:00
2024-09-08 22:44:00,CHEERS! with Avery Woods,EP 41 | nurse john x nurse ave,10261,2024-09-08 22:00:00
2024-09-08 22:44:00,CHEERS! with Avery Woods,EP 41 | nurse john x nurse ave,15827,2024-09-08 22:00:00
2024-09-08 22:44:00,Hot Mess with Alix Earle,I Sent A Hey Girlie DM,2021,2024-09-08 22:00:00
2024-09-08 22:44:00,Hot Mess with Alix Earle,I Sent A Hey Girlie DM,110,2024-09-08 22:00:00
2024-09-09 11:56:00,CHEERS! with Avery Woods,EP 41 | nurse john x nurse ave,0,2024-09-09 11:00:00
2024-09-09 13:04:00,CHEERS! with Avery Woods,EP 41 | nurse john x nurse ave,53755,2024-09-09 13:00:00
2024-09-09 13:07:00,CHEERS! with Avery Woods,EP 41 | nurse john x nurse ave,0,2024-09-09 13:00:00
2024-09-09 13:07:00,CHEERS! with Avery Woods,EP 41 | nurse john x nurse ave,53755,2024-09-09 13:00:00
2024-09-09 13:36:00,CHEERS! with Avery Woods,EP 41 | nurse john x nurse ave,1370,2024-09-09 13:00:00
2024-09-09 17:28:00,Crime Junkie,MYSTERIOUS DEATH OF: Jennifer Fergate,4353110,2024-09-09 17:00:00
2024-09-10 14:26:00,Crime Junkie,NEW SHOW: Drowning Creek,2999740,2024-09-10 14:00:00
2024-09-10 14:27:00,Drowning Creek,The Long November | Chapter 1,17220,2024-09-10 14:00:00
2024-09-10 17:11:00,Drowning Creek,Sunflower | Chapter 2,2298668,2024-09-10 17:00:00
2024-09-10 17:59:00,Drowning Creek,The Doorstep to Hell | Chapter 3,2399438,2024-09-10 17:00:00
2024-09-10 18:38:00,Drowning Creek,A House of Glass | Chapter 4,2076577,2024-09-10 18:00:00
2024-09-10 19:22:00,Drowning Creek,Family Ties | Chapter 5,2165394,2024-09-10 19:00:00
2024-09-10 23:16:00,Drowning Creek,"The Cold, Dark Water | Chapter 6",1501642,2024-09-10 23:00:00
2024-09-11 13:27:00,Drowning Creek,"The Cold, Dark Water | Chapter 6",420990,2024-09-11 13:00:00
2024-09-11 13:54:00,Drowning Creek,The Frayed Ends | Chapter 7,91010,2024-09-11 13:00:00
2024-09-12 17:43:00,Drowning Creek,The Frayed Ends | Chapter 7,507210,2024-09-12 17:00:00
2024-09-13 16:24:00,Drowning Creek,The Frayed Ends | Chapter 7,13888,2024-09-13 16:00:00
2024-09-14 02:25:00,Crime Junkie,SERIAL KILLER: Herb Baumeister from Indianapolis,429040,2024-09-14 02:00:00
2024-09-16 15:47:00,Crime Junkie,MURDERED: Michella Welch & Jennifer Bastian,3156260,2024-09-16 15:00:00
2024-09-17 03:00:00,Crime Junkie,MURDERED: Michella Welch & Jennifer Bastian,636890,2024-09-17 03:00:00
2024-09-20 12:20:00,Crime Junkie,MYSTERIOUS DEATH OF: JoAnn Matouk Romain from Detroit,1854795,2024-09-20 12:00:00
2024-09-21 02:31:00,Crime Junkie,MYSTERIOUS DEATH OF: JoAnn Matouk Romain from Detroit,2256602,2024-09-21 02:00:00
2024-09-23 15:22:00,Crime Junkie,MURDERED: Mary Morris,2257436,2024-09-23 15:00:00
2024-09-23 20:19:00,Crime Junkie,MURDERED: Mary Morris,459080,2024-09-23 20:00:00
2024-09-23 20:19:00,Lights Out,"No One Knows Why This ""Gentle Giant"" Killed His Family",4066,2024-09-23 20:00:00
2024-09-23 20:59:00,Lights Out,"No One Knows Why This ""Gentle Giant"" Killed His Family",2167,2024-09-23 20:00:00
2024-09-23 21:46:00,Lights Out,"No One Knows Why This ""Gentle Giant"" Killed His Family",0,2024-09-23 21:00:00
2024-09-23 21:47:00,Lights Out,"No One Knows Why This ""Gentle Giant"" Killed His Family",60002,2024-09-23 21:00:00
2024-09-23 21:52:00,Lights Out,"No One Knows Why This ""Gentle Giant"" Killed His Family",60004,2024-09-23 21:00:00
2024-09-24 16:36:00,Lights Out,"No One Knows Why This ""Gentle Giant"" Killed His Family",0,2024-09-24 16:00:00
2024-09-26 13:05:00,Lights Out,"No One Knows Why This ""Gentle Giant"" Killed His Family",0,2024-09-26 13:00:00
2024-09-26 13:26:00,Crime Junkie,SURVIVED: Cyntoia Brown from Nashville,1269812,2024-09-26 13:00:00
2024-09-26 14:09:00,Call Her Daddy,"Katy Perry: Narcissists, Blow Jobs & Red Flags",98982,2024-09-26 14:00:00
2024-09-27 06:32:00,Hot Mess with Alix Earle,Family Divorce & Drama,2669535,2024-09-27 06:00:00
2024-09-28 00:01:00,The Useless Hotline,This episode shouldn't be released...,1012570,2024-09-28 00:00:00
2024-09-28 00:29:00,Therapuss with Jake Shane,Session 42: Season 1 Finale,45033,2024-09-28 00:00:00
2024-09-28 00:49:00,Therapuss with Jake Shane,Session 42: Season 1 Finale,1654,2024-09-28 00:00:00
2024-09-29 02:30:00,Call Her Daddy,"Katy Perry: Narcissists, Blow Jobs & Red Flags",48926,2024-09-29 02:00:00
2024-09-29 02:51:00,Call Her Daddy,"Katy Perry: Narcissists, Blow Jobs & Red Flags",9390,2024-09-29 02:00:00
2024-09-30 15:16:00,Crime Junkie,MYSTERIOUS DEATH OF: John Bender,2723664,2024-09-30 15:00:00
2024-10-02 19:34:00,The Useless Hotline,This episode shouldn't be released...,5333830,2024-10-02 19:00:00
2024-10-03 12:48:00,The Useless Hotline,"Gkbarry on Turning down the Sidemen, Secrets of Brand Trips and THAT TikTok Group",2695850,2024-10-03 12:00:00
2024-10-03 13:58:00,The Useless Hotline,"Gkbarry on Turning down the Sidemen, Secrets of Brand Trips and THAT TikTok Group",3965918,2024-10-03 13:00:00
2024-10-03 15:51:00,Saving Grace,"12: George Clarke Addresses Dating Rumours, Inbetweeners Will & TikTok House TEA!",3892453,2024-10-03 15:00:00
2024-10-03 15:53:00,Saving Grace,"11: Love Island's Sharon Gaffka Talks S*x Parties, Dating Famous Footballers & MORE!",118856,2024-10-03 15:00:00
2024-10-03 15:57:00,The Useless Hotline,"Max and Andrew FIGHT, Discuss Taylor Swift and Fall Back In Love",225240,2024-10-03 15:00:00
2024-10-03 22:35:00,The Useless Hotline,Logan pauls gender reveal and Georges tragic love life,3158854,2024-10-03 22:00:00
2024-10-09 13:00:00,Crime Junkie,MYSTERIOUS DEATH OF: Debanhi Escobar,3349,2024-10-09 13:00:00
2024-10-09 17:52:00,Crime Junkie,INFAMOUS: The Lipstick Killer from Chicago,2052249,2024-10-09 17:00:00
2024-10-09 19:24:00,Crime Junkie,INFAMOUS: The Lipstick Killer from Chicago,554440,2024-10-09 19:00:00
2024-10-09 20:26:00,Crime Junkie,MYSTERIOUS DEATH OF: Debanhi Escobar,3065969,2024-10-09 20:00:00
2024-10-09 23:11:00,Call Her Daddy,Vice President Kamala Harris,10389,2024-10-09 23:00:00
2024-10-14 22:09:00,Crime Junkie,MURDERED: Jessica Chambers,3875016,2024-10-14 22:00:00
2024-10-14 22:15:00,Pretty Lonesome with Madeline Argy,Having no friends is fine,8501,2024-10-14 22:00:00
2024-10-14 23:27:00,Crime Junkie,MYSTERIOUS DEATH OF: Bethany Deaton from Kansas City,3472350,2024-10-14 23:00:00
2024-10-14 23:28:00,The Useless Hotline,Max & George Argue Moo Deng vs Pesto the Penguin and Chappell Roan Refusing Pictures With Fans,21620,2024-10-14 23:00:00
2024-10-15 00:37:00,The Useless Hotline,"ItalianBach reveals secrets of working with ArthurTV, Problems with fans and Future plans",140740,2024-10-15 00:00:00
2024-10-17 19:36:00,The Useless Hotline,"ItalianBach reveals secrets of working with ArthurTV, Problems with fans and Future plans",2812050,2024-10-17 19:00:00
2024-10-19 15:55:00,Crime Junkie,WANTED: Yogurt Shop Killer in Austin,1271153,2024-10-19 15:00:00
2024-10-19 15:55:00,Motives and Malice with Brooke Makenna,The Trick-or-Treat Murders: A Halloween Love Triangle,0,2024-10-19 15:00:00
2024-10-19 16:16:00,Crime Junkie,WANTED: Yogurt Shop Killer in Austin,9196,2024-10-19 16:00:00
2024-10-19 16:16:00,Motives and Malice with Brooke Makenna,The Trick-or-Treat Murders: A Halloween Love Triangle,0,2024-10-19 16:00:00
2024-10-21 20:02:00,Crime Junkie,MYSTERIOUS DEATH OF: Debanhi Escobar,7660,2024-10-21 20:00:00
2024-10-21 20:02:00,Crime Junkie,MYSTERIOUS DEATH OF: Elfrieda Knaak,942120,2024-10-21 20:00:00
2024-10-22 00:11:00,Crime Junkie,MYSTERIOUS DEATH OF: Elfrieda Knaak,2835910,2024-10-22 00:00:00
2024-10-25 15:20:00,Mile Higher,She Was Murdered Halloween Night & Despite CCTV & DNA Her Case Is Unsolved: Who Killed Nori Amaya?,114,2024-10-25 15:00:00
2024-10-26 00:08:00,Crime Junkie,MURDERED: Deanna Cook from Dallas,559427,2024-10-26 00:00:00
2024-10-26 00:09:00,Mile Higher,She Was Murdered Halloween Night & Despite CCTV & DNA Her Case Is Unsolved: Who Killed Nori Amaya?,37254,2024-10-26 00:00:00
2024-10-26 00:47:00,Mile Higher,She Was Murdered Halloween Night & Despite CCTV & DNA Her Case Is Unsolved: Who Killed Nori Amaya?,0,2024-10-26 00:00:00
2024-10-26 03:45:00,Mile Higher,She Was Murdered Halloween Night & Despite CCTV & DNA Her Case Is Unsolved: Who Killed Nori Amaya?,30460,2024-10-26 03:00:00
2024-10-28 15:39:00,Crime Junkie,INFAMOUS: The Bricca Family,30,2024-10-28 15:00:00
2024-10-28 15:39:00,Crime Junkie,INFAMOUS: The Bricca Family,1430811,2024-10-28 15:00:00
2024-10-28 19:23:00,Crime Junkie,INFAMOUS: The Bricca Family,2952350,2024-10-28 19:00:00
2024-10-29 20:08:00,Behind You,"She Checked her Boyfriends Snapchat Location, And Caught Him Burying a Body: Case of The Haldersons",1735668,2024-10-29 20:00:00
2024-10-29 23:18:00,Behind You,"She Checked her Boyfriends Snapchat Location, And Caught Him Burying a Body: Case of The Haldersons",8190,2024-10-29 23:00:00
2024-10-31 15:27:00,Behind You,"She Checked her Boyfriends Snapchat Location, And Caught Him Burying a Body: Case of The Haldersons",44600,2024-10-31 15:00:00
2024-11-03 20:12:00,Mile Higher,She Was Last Seen Riding ATV with Sketchy Neighbor & Then Found Murdered... The Judy Rawlings Case,0,2024-11-03 20:00:00
2024-11-03 22:34:00,The Sesh,Derrick Levasseur Spills the Big Brother Tea & Ranks Players,1822,2024-11-03 22:00:00
2024-11-04 14:54:00,Crime Junkie,"MURDERED: Roger ""Fred"" Farmer",2846117,2024-11-04 14:00:00
2024-11-04 14:57:00,The Sesh,Derrick Levasseur Spills the Big Brother Tea & Ranks Players,296,2024-11-04 14:00:00
2024-11-04 18:47:00,Behind You,He Manipulated his Lawyer to Help him Commit Murder: Case of Tiffany Eichoch,515276,2024-11-04 18:00:00
2024-11-04 21:59:00,Mile Higher,She Was Last Seen Riding ATV with Sketchy Neighbor & Then Found Murdered... The Judy Rawlings Case,0,2024-11-04 21:00:00
2024-11-04 22:12:00,Mile Higher,She Was Last Seen Riding ATV with Sketchy Neighbor & Then Found Murdered... The Judy Rawlings Case,29203,2024-11-04 22:00:00
2024-11-04 22:12:00,Behind You,He Manipulated his Lawyer to Help him Commit Murder: Case of Tiffany Eichoch,777692,2024-11-04 22:00:00
2024-11-04 22:13:00,Hot Mess with Alix Earle,Fast Fame & Friendships (ft. Tara Yummy),14260,2024-11-04 22:00:00
2024-11-05 19:03:00,Crime Junkie,WANTED: Justice for Hassani Campbell and Tianna Kirchner from Everett,2329760,2024-11-05 19:00:00
2024-11-07 19:43:00,Crime Junkie,SERIAL KILLER: The Hillside Strangler from Los Angeles,2831077,2024-11-07 19:00:00
2024-11-07 20:49:00,Behind You,"Hired her Boyfriend to Kill Her Ex, But Ended up Just Killing Them Both: Case of Bianca Edmunds",1176960,2024-11-07 20:00:00
2024-11-11 23:24:00,Crime Junkie,MURDERED: Malvina Krutz,2879805,2024-11-11 23:00:00
2024-11-12 15:35:00,Crime Junkie,MURDERED: Malvina Krutz,455940,2024-11-12 15:00:00
2024-11-15 00:48:00,The Useless Hotline,"ArthurTV and Arthur Hill Reveal Dating Preferences, Expose Embarrassing Secrets and the Truth Behind Platform Roullette",1019980,2024-11-15 00:00:00
2024-11-15 13:34:00,The Useless Hotline,"ArthurTV and Arthur Hill Reveal Dating Preferences, Expose Embarrassing Secrets and the Truth Behind Platform Roullette",2458090,2024-11-15 13:00:00
2024-11-15 20:34:00,Crime Junkie,CAPTURED: Hammer Killer in Denver,2947996,2024-11-15 20:00:00
2024-11-15 21:17:00,Crime Junkie,MURDERED: Nathaniel Jones,2598896,2024-11-15 21:00:00
2024-11-16 16:47:00,Behind You,He Lured Men on Craigslist to his Forest of Fears: Case of Richard Beasley,152590,2024-11-16 16:00:00
2024-11-16 18:36:00,Behind You,He Lured Men on Craigslist to his Forest of Fears: Case of Richard Beasley,1120,2024-11-16 18:00:00
2024-11-18 18:18:00,Crime Junkie,MURDERED: Lyric Cook-Morrissey & Elizabeth Collins,3433374,2024-11-18 18:00:00
2024-11-20 01:05:00,Wild Times: Wildlife Education,Forrest Galante on The World's Largest Wildlife Rescue - TWT 160,30004,2024-11-20 01:00:00
2024-11-20 01:25:00,Wild Times: Wildlife Education,Forrest Galante on The World's Largest Wildlife Rescue - TWT 160,30004,2024-11-20 01:00:00
2024-11-20 02:51:00,Wild Times: Wildlife Education,Forrest Galante on The World's Largest Wildlife Rescue - TWT 160,0,2024-11-20 02:00:00
2024-11-20 02:51:00,Wild Times: Wildlife Education,Forrest Galante on The World's Largest Wildlife Rescue - TWT 160,25,2024-11-20 02:00:00
2024-11-20 02:56:00,Wild Times: Wildlife Education,Forrest Galante on The World's Largest Wildlife Rescue - TWT 160,15627,2024-11-20 02:00:00
2024-11-20 02:57:00,Wild Times: Wildlife Education,Forrest Galante on The World's Largest Wildlife Rescue - TWT 160,30004,2024-11-20 02:00:00
2024-11-20 03:22:00,Wild Times: Wildlife Education,Forrest Galante on The World's Largest Wildlife Rescue - TWT 160,30003,2024-11-20 03:00:00
2024-11-20 03:30:00,Wild Times: Wildlife Education,Forrest Galante on The World's Largest Wildlife Rescue - TWT 160,0,2024-11-20 03:00:00
2024-11-21 16:19:00,Crime Junkie,INFAMOUS: The Todt Family from Orlando,4531879,2024-11-21 16:00:00
2024-11-21 21:07:00,Behind You,Self-Help Instagram Influencer Arrested for Sex-Trafficking her followers: Kat Torrres,2206460,2024-11-21 21:00:00
2024-11-25 03:48:00,Crime Junkie,MURDERED: JonBenét Ramsey,3561670,2024-11-25 03:00:00
2024-11-25 14:15:00,Crime Junkie,MURDERED: JonBenét Ramsey,210630,2024-11-25 14:00:00
2024-11-25 19:40:00,Crime Junkie,MURDERED: JonBenét Ramsey,9150720,2024-11-25 19:00:00
2024-11-25 21:22:00,The Useless Hotline,Max & George Take A Lie Detector Test! George Spills Dating Rumours...,985330,2024-11-25 21:00:00
2024-11-26 01:12:00,The Useless Hotline,Max & George Take A Lie Detector Test! George Spills Dating Rumours...,2126781,2024-11-26 01:00:00
2024-11-26 11:31:00,Behind You,"Cops Find Missing Hiker, Only to Find out he's a Serial Killer: Case of Logan Clegg",1088320,2024-11-26 11:00:00
2024-11-26 17:46:00,Crime Junkie,MURDERED: Deanna Cook from Dallas,2675628,2024-11-26 17:00:00
2024-11-26 18:20:00,Crime Junkie,Anna Kendrick is CJAF!,1713588,2024-11-26 18:00:00
2024-11-26 18:43:00,Crime Junkie,Anna Kendrick is CJAF!,661099,2024-11-26 18:00:00
2024-11-28 19:38:00,Crime Junkie,MISSING: Brian Wehrle from Atlanta,2666474,2024-11-28 19:00:00
2024-11-28 23:48:00,Crime Junkie,MISSING: Brian Wehrle from Atlanta,3140,2024-11-28 23:00:00
2024-11-29 18:26:00,Behind You,Teens Kill their Father for Remarrying After Mom Dies: Case of Tim Mcneil,1379866,2024-11-29 18:00:00
2024-11-30 18:28:00,Saving Grace,137: Charlotte Dawson Reveals ALL On Relationship Haters & Being A Baddie With a Bump!,2608244,2024-11-30 18:00:00
2024-12-02 18:06:00,Crime Junkie,INFAMOUS: The Lake Waco Murders Part 1,3875217,2024-12-02 18:00:00
2024-12-03 01:20:00,The Useless Hotline,Max Drives George To The Office and They Expose Max's Search History!!,462380,2024-12-03 01:00:00
2024-12-03 23:44:00,The Deck,The Deck Investigates S1 | Part 1,3415649,2024-12-03 23:00:00
2024-12-03 23:45:00,The Deck,"Jeannette Drzewiecki (8 of Diamonds, Texas)",42100,2024-12-03 23:00:00
2024-12-04 17:57:00,The Deck,The Deck Investigates S1 | Part 1,1466078,2024-12-04 17:00:00
2024-12-05 18:01:00,Crime Junkie,MYSTERIOUS DEATH OF: Joyce Chiang in Fairfax,2465253,2024-12-05 18:00:00
2024-12-05 18:36:00,The Deck,"John Phillips (Jack of Diamonds, Rhode Island)",2074932,2024-12-05 18:00:00
2024-12-05 20:41:00,Behind You,The Seductive Suburban Housewife that Got away with Murder: case of Kent Leppink,1386837,2024-12-05 20:00:00
2024-12-07 20:26:00,The Deck,"Wojciech Fudali (3 of Spades, Rhode Island)",378770,2024-12-07 20:00:00
2024-12-09 14:19:00,Crime Junkie,INFAMOUS: The Lake Waco Murders Part 2,4270741,2024-12-09 14:00:00
2024-12-09 14:52:00,The Deck,"Elisa Gano (Queen of Diamonds, Arizona)",1444730,2024-12-09 14:00:00
2024-12-11 14:38:00,Chloe Vs The World,"Tennessee Talks TRUTH About Relationship With Danny Aarons, PREGNANCY, & LockedIn DRAMA!",1530,2024-12-11 14:00:00
2024-12-11 17:38:00,Chloe Vs The World,"Tennessee Talks TRUTH About Relationship With Danny Aarons, PREGNANCY, & LockedIn DRAMA!",24637,2024-12-11 17:00:00
2024-12-12 18:49:00,Crime Junkie,INFAMOUS: The Preppy Murder in New York,2855864,2024-12-12 18:00:00
2024-12-13 00:47:00,Crime Junkie,INFAMOUS: The Preppy Murder in New York,4899,2024-12-13 00:00:00
2024-12-13 06:35:00,Bach and Arthur Podcast,"36: Succumbing to Desire, Exposing Our Moral Hypocrisy, and Crashing an AI Car",429093,2024-12-13 06:00:00
2024-12-13 19:22:00,Saving Grace,"139: Italian Bach & Arthur TV Talk Dating Rumours, Tour Gossip & The End Of The World!",1370844,2024-12-13 19:00:00
2024-12-16 11:25:00,The Useless Hotline,"George, Arthur TV & Italian Bach discuss the next influencer Sport and more…",5271614,2024-12-16 11:00:00
2024-12-17 05:40:00,Crime Junkie,MURDERED: Lizzbeth Aleman-Popoca,801194,2024-12-17 05:00:00
2024-12-18 09:10:00,Crime Junkie,MURDERED: Lizzbeth Aleman-Popoca,868650,2024-12-18 09:00:00
2024-12-20 16:34:00,Crime Junkie,MURDERED: Karina Holmer in Boston,1353960,2024-12-20 16:00:00
2024-12-21 19:39:00,Crime Junkie,MURDERED: Karina Holmer in Boston,1843520,2024-12-21 19:00:00
2024-12-22 11:50:00,The Useless Hotline,THE BEST OF THE USELESS HOTLINE 2024!!,1386090,2024-12-22 11:00:00
2024-12-23 14:52:00,Crime Junkie,MURDERED: Robin Benedict,4328333,2024-12-23 14:00:00
2024-12-23 15:28:00,Behind You,Grown man Stalks 13-year old Girl for a Year then Murders her: Case of Lauren Landavazo,2037524,2024-12-23 15:00:00
2024-12-24 07:22:00,Saving Grace,140: GK Barry’s I'm A Celeb Dressing Room Debrief & Juiciest Stories...,820699,2024-12-24 07:00:00
2024-12-25 07:52:00,The Deck,"Javed Akhtar (Jack of Diamonds, Connecticut)",887,2024-12-25 07:00:00
2024-12-25 07:52:00,Park Predators,The Loop,392,2024-12-25 07:00:00
2024-12-25 07:52:00,Kill List,Bath | 14,1337,2024-12-25 07:00:00
2024-12-25 07:53:00,The Nikki & Brie Show,Best of The Year: Looking Back at 2024,116,2024-12-25 07:00:00
2024-12-25 07:58:00,The Nikki & Brie Show,Best of The Year: Looking Back at 2024,29804,2024-12-25 07:00:00
2024-12-25 09:45:00,Lights Out,Police Claimed She Was Sacrificed In A Witch Rite... Who Really Murdered Jeanette DePalma?,0,2024-12-25 09:00:00
2024-12-25 09:47:00,Lights Out,Police Claimed She Was Sacrificed In A Witch Rite... Who Really Murdered Jeanette DePalma?,49183,2024-12-25 09:00:00
2024-12-25 10:49:00,Lights Out,Police Claimed She Was Sacrificed In A Witch Rite... Who Really Murdered Jeanette DePalma?,0,2024-12-25 10:00:00
2024-12-27 12:02:00,Crime Junkie,MURDERED: Aaron Taylor from Phoenix,1086690,2024-12-27 12:00:00
2024-12-28 20:30:00,Rotten Mango,#405: Man From Viral Tiktok Looks Exactly Like Missing Husband- Did He Fake His Own Death For Another Girl,2600883,2024-12-28 20:00:00
2024-12-30 12:04:00,was that TMI?,74: Living Out of My Car,2400,2024-12-30 12:00:00
2024-12-30 12:04:00,was that TMI?,74: Living Out of My Car,0,2024-12-30 12:00:00
2025-01-02 18:33:00,Crime Junkie,INFAMOUS: The Jeff Davis 8,544300,2025-01-02 18:00:00
2025-01-05 12:58:00,Crime Junkie,INFAMOUS: The Jeff Davis 8,2000882,2025-01-05 12:00:00
2025-01-08 11:40:00,Crime Junkie,INFAMOUS: The Jeff Davis 8,5010341,2025-01-08 11:00:00
2025-01-08 12:22:00,Crime Junkie,MURDERED: Lesly Palacio from Las Vegas,2001057,2025-01-08 12:00:00
2025-01-08 13:47:00,Crime Junkie,SURVIVED: Dianna D'Aiello,3273012,2025-01-08 13:00:00
2025-01-08 20:12:00,Rotten Mango,#409: I Received A Message From A Serial Killer’s Wife Asking For Help…,1167567,2025-01-08 20:00:00
2025-01-09 08:15:00,The Useless Hotline,George Has A Big Announcement In The Last Episode Of Season 2!!,1802800,2025-01-09 08:00:00
2025-01-09 16:08:00,Bach and Arthur Podcast,39: Boxing Day Special ft. TheBurntChip #39,2673150,2025-01-09 16:00:00
2025-01-10 11:13:00,Bach and Arthur Podcast,39: Boxing Day Special ft. TheBurntChip #39,1202360,2025-01-10 11:00:00
2025-01-10 11:15:00,Bach and Arthur Podcast,39: Boxing Day Special ft. TheBurntChip #39,114650,2025-01-10 11:00:00
2025-01-10 12:42:00,Rotten Mango,#403: White Lotus 3 Resort Death: Billionaire Playboy Wang Sicong's Uncle's Connection To 3 Murders,4350302,2025-01-10 12:00:00
2025-01-10 12:51:00,Rotten Mango,Presenting Gone South Season 4,551418,2025-01-10 12:00:00
2025-01-10 16:46:00,Lights Out,Police Claimed She Was Sacrificed In A Witch Rite... Who Really Murdered Jeanette DePalma?,0,2025-01-10 16:00:00
2025-01-10 17:59:00,Rotten Mango,#404: IG Model Tells Cops She Died & Came Back From Future AFTER Killing 2 People,425609,2025-01-10 17:00:00
2025-01-10 20:54:00,Bach and Arthur Podcast,38: Christmas Special Part 1 ft. George Clarkey and Arthur Hill,1333780,2025-01-10 20:00:00
2025-01-10 22:46:00,Bach and Arthur Podcast,38: Christmas Special Part 1 ft. George Clarkey and Arthur Hill,344317,2025-01-10 22:00:00
2025-01-11 04:23:00,The Fellas,212. CHRISTMAS SPECIAL with Italian Bach & George Clarke!,6205204,2025-01-11 04:00:00
2025-01-11 07:33:00,The Fellas,"213. Truth About Ethan & Faith's Wedding, Pub Golf Disaster & YouTuber Of The Year!",3919968,2025-01-11 07:00:00
2025-01-11 07:53:00,The Fellas,"213. Truth About Ethan & Faith's Wedding, Pub Golf Disaster & YouTuber Of The Year!",1078730,2025-01-11 07:00:00
2025-01-11 08:27:00,Rotten Mango,#404: IG Model Tells Cops She Died & Came Back From Future AFTER Killing 2 People,2038047,2025-01-11 08:00:00
2025-01-11 08:39:00,Rotten Mango,#405: Man From Viral Tiktok Looks Exactly Like Missing Husband- Did He Fake His Own Death For Another Girl,714396,2025-01-11 08:00:00
2025-01-11 10:04:00,Rotten Mango,#406: 16-Yr-Old Murders 98-Yr-Old Woman To SA Her Corpse For 2 Hours While Recording,5047118,2025-01-11 10:00:00
2025-01-12 06:33:00,Rotten Mango,"#407: United Healthcare CEO Shot In Public, But Nation Wants Killer Freed: EVERYTHING We Know So Far",590736,2025-01-12 06:00:00
2025-01-15 08:23:00,Crime Junkie,INFAMOUS: Highway 20,2637165,2025-01-15 08:00:00
2025-01-15 09:31:00,Rotten Mango,"The Real Life ""Squid Game"" - Thousands Of Koreans Forced To Play Children's Games To NOT Be Killed",3934275,2025-01-15 09:00:00
2025-01-15 12:31:00,Rotten Mango,"South Korea ""Erased"" 4,000 People To Host The Olympic Games: True Story Behind “Squid Game”",2940395,2025-01-15 12:00:00
2025-01-15 13:50:00,Behind You,Teen Murders her 33 y/o Boyfriend’s Mom so they can be Together: Case of Nicole Jones,1890261,2025-01-15 13:00:00
2025-01-18 01:35:00,Rotten Mango,Man Survives Real Life “Squid Game” That Killed 551 People - Funded By Rich Australian Family,39052,2025-01-18 01:00:00
2025-01-18 01:49:00,Rotten Mango,"South Korea ""Erased"" 4,000 People To Host The Olympic Games: True Story Behind “Squid Game”",876650,2025-01-18 01:00:00
2025-01-19 07:43:00,Rotten Mango,"The Real Life ""Squid Game"" - Thousands Of Koreans Forced To Play Children's Games To NOT Be Killed",5141,2025-01-19 07:00:00
2025-01-19 12:38:00,Rotten Mango,Man Survives Real Life “Squid Game” That Killed 551 People - Funded By Rich Australian Family,2850,2025-01-19 12:00:00
2025-01-21 11:51:00,Crime Junkie,MURDERED: Elizabeth Barraza,3708307,2025-01-21 11:00:00
2025-01-21 13:33:00,Rotten Mango,Man Survives Real Life “Squid Game” That Killed 551 People - Funded By Rich Australian Family,1245248,2025-01-21 13:00:00
2025-01-21 18:24:00,Behind You,Predator Murders 16 y/o Girl after she Declines Going out with him: Case of Brittany Ujlaky,11040,2025-01-21 18:00:00
2025-01-22 11:20:00,Rotten Mango,#361: NYC Top “Escort” Service Catering To Rich Married Men Turned Out To Be College S*x Cult,579830,2025-01-22 11:00:00
2025-01-22 13:13:00,Rotten Mango,#360: Dad Moves Into Daughter’s College Dorm & Starts A Cult On Campus,5968039,2025-01-22 13:00:00
2025-01-22 15:58:00,Rotten Mango,#361: NYC Top “Escort” Service Catering To Rich Married Men Turned Out To Be College S*x Cult,2717230,2025-01-22 15:00:00
2025-01-22 21:31:00,Rotten Mango,#361: NYC Top “Escort” Service Catering To Rich Married Men Turned Out To Be College S*x Cult,1400320,2025-01-22 21:00:00
2025-01-23 06:28:00,Rotten Mango,#361: NYC Top “Escort” Service Catering To Rich Married Men Turned Out To Be College S*x Cult,277120,2025-01-23 06:00:00
2025-01-23 07:19:00,Rotten Mango,#361: NYC Top “Escort” Service Catering To Rich Married Men Turned Out To Be College S*x Cult,774530,2025-01-23 07:00:00
2025-01-27 13:34:00,Crime Junkie,MISSING: Randy Leach,1683950,2025-01-27 13:00:00
2025-01-27 18:07:00,Crime Junkie,MISSING: Randy Leach,2167902,2025-01-27 18:00:00
2025-01-28 13:11:00,The Useless Hotline,"George, Arthur TV & Italian Bach discuss the next influencer Sport and more…",43627,2025-01-28 13:00:00
2025-01-28 13:15:00,Rotten Mango,New Parents Check Baby Monitor & Find Nanny SLAMMING 5-Day-Old Infant Across Room,239488,2025-01-28 13:00:00
2025-01-28 13:15:00,Trap Lore Ross,King Von: Rap's First Serial Killer,3710,2025-01-28 13:00:00
2025-01-28 14:25:00,The Mel Robbins Podcast,"If You Struggle With Stress & Anxiety, This Will Change Your Life",4142098,2025-01-28 14:00:00
2025-01-28 14:29:00,Trap Lore Ross,King Von: Rap's First Serial Killer,17300,2025-01-28 14:00:00
2025-01-28 16:45:00,Trap Lore Ross,King Von: Rap's First Serial Killer,33496,2025-01-28 16:00:00
2025-01-29 12:36:00,The Mel Robbins Podcast,Try It For 1 Day: Do This Every Morning to Boost Motivation & Focus,3026560,2025-01-29 12:00:00
2025-01-29 20:05:00,Rotten Mango,New Parents Check Baby Monitor & Find Nanny SLAMMING 5-Day-Old Infant Across Room,4436382,2025-01-29 20:00:00
2025-01-30 15:05:00,True Crime with Kendall Rae,Neighbor Heard Screaming From the Woods & Then She Vanished: Where Is Suzanne Simpson?,1633450,2025-01-30 15:00:00
2025-01-30 16:58:00,True Crime with Kendall Rae,Neighbor Heard Screaming From the Woods & Then She Vanished: Where Is Suzanne Simpson?,1636430,2025-01-30 16:00:00
2025-02-03 14:31:00,Crime Junkie,MISSING: Randy Leach,230208,2025-02-03 14:00:00
2025-02-03 19:55:00,Rotten Mango,Mom Lets 37Yr Old BF Have Cuddle Sleepovers With Her Teen Daughter - Then Teen Goes Missing,5712876,2025-02-03 19:00:00
2025-02-04 17:45:00,Motives and Malice with Brooke Makenna,THE UNUSUAL CASE OF DOROTHY FORSTEIN – Disappearing Dorothy,33902,2025-02-04 17:00:00
2025-02-04 18:02:00,Motives and Malice with Brooke Makenna,THE UNUSUAL CASE OF DOROTHY FORSTEIN – Disappearing Dorothy,889,2025-02-04 18:00:00
2025-02-04 20:45:00,Motives and Malice with Brooke Makenna,THE UNUSUAL CASE OF DOROTHY FORSTEIN – Disappearing Dorothy,36633,2025-02-04 20:00:00
2025-02-05 15:29:00,Mile Higher,"The Celebrity Megachurch That Covered Up Crimes, Protected Bad Pastors & Mishandled Millions",28350,2025-02-05 15:00:00
2025-02-05 15:29:00,Mile Higher,She Was Attacked By A Fellow Soldier & Never Made It Home: The Suspicious Death of Denisha Montgomery,954,2025-02-05 15:00:00
2025-02-05 19:22:00,Mile Higher,"The Celebrity Megachurch That Covered Up Crimes, Protected Bad Pastors & Mishandled Millions",6663981,2025-02-05 19:00:00
2025-02-07 14:17:00,Rotten Mango,Teen Girl Found Dead - Police Find Texts Between Her + “Stepdad” About “New Parent Decision Coin”,1804646,2025-02-07 14:00:00
2025-02-07 18:23:00,Rotten Mango,Teen Girl Found Dead - Police Find Texts Between Her + “Stepdad” About “New Parent Decision Coin”,3005160,2025-02-07 18:00:00
2025-02-07 19:02:00,Rotten Mango,Teen Girl Found Dead - Police Find Texts Between Her + “Stepdad” About “New Parent Decision Coin”,2310923,2025-02-07 19:00:00
2025-02-07 19:26:00,Behind You,Man discovers his Husband Murdered a man on Grindr: Case of Kevin Bacon ,1152810,2025-02-07 19:00:00
2025-02-10 14:45:00,Crime Junkie,MURDERED: Marcus Rutledge,3063066,2025-02-10 14:00:00
2025-02-10 18:14:00,Mile Higher,"Young Girl Goes Missing, Parents Suspected of Murder & An ""Imposter"" Emerges: The Mary Day Case",118749,2025-02-10 18:00:00
2025-02-10 23:06:00,Trap Lore Ross,This Rapping Hitman Claimed 11 Bodies: Bloodhound Lil Jeff,0,2025-02-10 23:00:00
2025-02-10 23:06:00,Trap Lore Ross,This Rapping Hitman Claimed 11 Bodies: Bloodhound Lil Jeff,1720,2025-02-10 23:00:00
2025-02-10 23:07:00,Trap Lore Ross,This Rapping Hitman Claimed 11 Bodies: Bloodhound Lil Jeff,0,2025-02-10 23:00:00
2025-02-10 23:12:00,Trap Lore Ross,This Rapping Hitman Claimed 11 Bodies: Bloodhound Lil Jeff,29930,2025-02-10 23:00:00
2025-02-10 23:31:00,Trap Lore Ross,This Rapping Hitman Claimed 11 Bodies: Bloodhound Lil Jeff,0,2025-02-10 23:00:00
2025-02-11 01:22:00,Trap Lore Ross,This Rapping Hitman Claimed 11 Bodies: Bloodhound Lil Jeff,0,2025-02-11 01:00:00
2025-02-11 01:23:00,Trap Lore Ross,This Rapping Hitman Claimed 11 Bodies: Bloodhound Lil Jeff,21850,2025-02-11 01:00:00
2025-02-11 03:31:00,Trap Lore Ross,This Rapping Hitman Claimed 11 Bodies: Bloodhound Lil Jeff,6240,2025-02-11 03:00:00
2025-02-11 03:32:00,Trap Lore Ross,This Rapping Hitman Claimed 11 Bodies: Bloodhound Lil Jeff,253,2025-02-11 03:00:00
2025-02-11 14:36:00,Trap Lore Ross,This Rapping Hitman Claimed 11 Bodies: Bloodhound Lil Jeff,4309,2025-02-11 14:00:00
2025-02-12 03:04:00,The Fellas,148. Cal & Chip Take Lesbian Test! W*nking With Best Mate & Coming Out At Church,1940,2025-02-12 03:00:00
2025-02-12 14:08:00,The Fellas,148. Cal & Chip Take Lesbian Test! W*nking With Best Mate & Coming Out At Church,683,2025-02-12 14:00:00
2025-02-14 18:20:00,Rotten Mango,Worst TikTok Mom Loves To Date Killers In Prison & Makes Daughters Call Them “Daddy”,11600,2025-02-14 18:00:00
2025-02-14 20:39:00,Rotten Mango,Teen Model Marries Malaysian Prince - Then Runs Away Alleging Nightly Razor Torture,2691610,2025-02-14 20:00:00
2025-02-15 18:14:00,Rotten Mango,Teen Model Marries Malaysian Prince - Then Runs Away Alleging Nightly Razor Torture,303926,2025-02-15 18:00:00
2025-02-15 18:17:00,Rotten Mango,Teen Model Marries Malaysian Prince - Then Runs Away Alleging Nightly Razor Torture,178580,2025-02-15 18:00:00
2025-02-17 17:37:00,Crime Junkie,WANTED: Justice for Rhys Pocan & MMIW Part 1,6833,2025-02-17 17:00:00
2025-02-18 13:14:00,Crime Junkie,WANTED: Justice for Rhys Pocan & MMIW Part 1,745020,2025-02-18 13:00:00
2025-02-18 13:14:00,Culture Apothecary with Alex Clark,Why The Tongue Is The Secret Window To Your Health & Other Hacks | Dr. Josh Axe,1410,2025-02-18 13:00:00
2025-02-18 15:32:00,Crime Junkie,WANTED: Justice for Rhys Pocan & MMIW Part 1,1333864,2025-02-18 15:00:00
2025-02-18 17:13:00,Behind You, Murderer Finds out he was on Live the whole Time: Case of Anthony Gelia,0,2025-02-18 17:00:00
2025-02-18 23:23:00,Culture Apothecary with Alex Clark,Why The Tongue Is The Secret Window To Your Health & Other Hacks | Dr. Josh Axe,0,2025-02-18 23:00:00
2025-02-18 23:23:00,The Mel Robbins Podcast,The “Let Them Theory”: A Life Changing Mindset Hack That 15 Million People Can’t Stop Talking About,11916,2025-02-18 23:00:00
2025-02-19 01:34:00,The Useless Hotline,George And ItalianBach Talk Max's Last week In The Jungle & The Super Bowl Controversy!,738810,2025-02-19 01:00:00
2025-02-19 01:34:00,Culture Apothecary with Alex Clark,Why The Tongue Is The Secret Window To Your Health & Other Hacks | Dr. Josh Axe,3300,2025-02-19 01:00:00
2025-02-19 01:39:00,Culture Apothecary with Alex Clark,Why The Tongue Is The Secret Window To Your Health & Other Hacks | Dr. Josh Axe,0,2025-02-19 01:00:00
2025-02-19 05:54:00,The Useless Hotline,George And ItalianBach Talk Max's Last week In The Jungle & The Super Bowl Controversy!,1036586,2025-02-19 05:00:00
2025-02-19 05:54:00,Culture Apothecary with Alex Clark,Why The Tongue Is The Secret Window To Your Health & Other Hacks | Dr. Josh Axe,0,2025-02-19 05:00:00
2025-02-19 15:19:00,The Useless Hotline,George And ItalianBach Talk Max's Last week In The Jungle & The Super Bowl Controversy!,3335998,2025-02-19 15:00:00
2025-02-19 15:20:00,Rotten Mango,"Influencer Lures Followers To Move In, Then Sex Traffics Them To Fund Her Witchcraft",7840,2025-02-19 15:00:00
2025-02-19 18:29:00,True Crime with Kendall Rae,He Vanished at Electric Forest & His Remains Were Just Found: The Suspicious Death of Kevin Graves,57350,2025-02-19 18:00:00
2025-02-20 00:29:00,True Crime with Kendall Rae,He Vanished at Electric Forest & His Remains Were Just Found: The Suspicious Death of Kevin Graves,470,2025-02-20 00:00:00
2025-02-20 15:38:00,The Mel Robbins Podcast,The “Let Them Theory”: A Life Changing Mindset Hack That 15 Million People Can’t Stop Talking About,2787059,2025-02-20 15:00:00
2025-02-20 18:52:00,The Mel Robbins Podcast,The Truth About Anxiety and How To Heal It: Tools for Anxiety From a Neuroscientist MD,400733,2025-02-20 18:00:00
2025-02-23 15:55:00,Crime Junkie,UPDATE: Beaumont Children,3117609,2025-02-23 15:00:00
2025-02-23 15:58:00,Crime Junkie,UPDATE: Beaumont Children,4807,2025-02-23 15:00:00
2025-02-23 22:07:00,Crime Junkie,UPDATE: Beaumont Children,1371760,2025-02-23 22:00:00
2025-02-24 14:17:00,Crime Junkie,WANTED: Justice for Rhys Pocan & MMIW Part 2,2640417,2025-02-24 14:00:00
2025-02-24 15:58:00,Crime Junkie,WANTED: Justice for Rhys Pocan & MMIW Part 2,703848,2025-02-24 15:00:00
2025-02-24 19:40:00,The Useless Hotline,Max Balegde Reveals BTS SECRETS Of I'm A Celeb!,999610,2025-02-24 19:00:00
2025-02-24 20:49:00,The Useless Hotline,Max Balegde Reveals BTS SECRETS Of I'm A Celeb!,3663417,2025-02-24 20:00:00
2025-02-25 12:58:00,Rotten Mango,A-List Actress Passed - Billionaire Ex-Husband & Mom Exposed For Abuse & Won’t Stop Spreading Lies,1216,2025-02-25 12:00:00
2025-02-25 12:58:00,Behind You,Moms find Human Head in Teen Son's Closet: Case of Brian Cohee,1796233,2025-02-25 12:00:00
2025-02-25 13:23:00,Rotten Mango,A-List Actress Passed - Billionaire Ex-Husband & Mom Exposed For Abuse & Won’t Stop Spreading Lies,3620,2025-02-25 13:00:00
2025-02-25 13:23:00,Rotten Mango,Worst TikTok Mom Loves To Date Killers In Prison & Makes Daughters Call Them “Daddy”,1474837,2025-02-25 13:00:00
2025-02-25 23:58:00,Rotten Mango,Worst TikTok Mom Loves To Date Killers In Prison & Makes Daughters Call Them “Daddy”,3117720,2025-02-25 23:00:00
2025-02-26 13:03:00,Rotten Mango,Worst TikTok Mom Loves To Date Killers In Prison & Makes Daughters Call Them “Daddy”,397420,2025-02-26 13:00:00
2025-02-26 14:07:00,Rotten Mango,Worst TikTok Mom Loves To Date Killers In Prison & Makes Daughters Call Them “Daddy”,877940,2025-02-26 14:00:00
2025-02-26 15:06:00,Rotten Mango,Worst TikTok Mom Loves To Date Killers In Prison & Makes Daughters Call Them “Daddy”,2366380,2025-02-26 15:00:00
2025-02-26 16:23:00,True Crime with Kendall Rae,A Person Close to Her Did the Unthinkable… the Tragic Case of AJ Hadsell,2838680,2025-02-26 16:00:00
2025-02-26 21:37:00,True Crime with Kendall Rae,A Person Close to Her Did the Unthinkable… the Tragic Case of AJ Hadsell,550780,2025-02-26 21:00:00
2025-02-27 00:11:00,Crime Junkie,UPDATE: Asha Degree,75550,2025-02-27 00:00:00
2025-02-27 01:04:00,Crime Junkie,UPDATE: Asha Degree,2308180,2025-02-27 01:00:00
2025-02-27 01:17:00,The Fellas,221. Calfreezy is Managing SIDEMEN FC & Elon Musk Inseminates the world...,49040,2025-02-27 01:00:00
2025-02-27 20:06:00,True Crime with Kendall Rae,Mom of 4 Vanishes Before Abusive Husband’s Trial: Where Is Nikki Cheng Saelee McCain?,2661490,2025-02-27 20:00:00
2025-02-27 23:42:00,True Crime with Kendall Rae,Mom of 4 Vanishes Before Abusive Husband’s Trial: Where Is Nikki Cheng Saelee McCain?,1889240,2025-02-27 23:00:00
2025-02-28 18:44:00,Rotten Mango,100 Women Kept as Slaves in “Human Egg Farm” For Egg Harvesting,3954390,2025-02-28 18:00:00
2025-02-28 19:22:00,Behind You,Wannabe-Influencer Kills 2 People on Pink Cocaine (and flees): Case of Macee Marie,2223921,2025-02-28 19:00:00
2025-02-28 19:58:00,The Mel Robbins Podcast,Change Your Body & Your Life in 1 Month: 4 Small Habits That Actually Work,6970,2025-02-28 19:00:00
2025-03-01 13:54:00,Rotten Mango,#397: Diddy’s ‘Freak Off’: What Truly Happened To Cassie In The 10-Year Relationship With Diddy,4918170,2025-03-01 13:00:00
2025-03-01 21:49:00,Crime Junkie,UPDATE: Beaumont Children,42445,2025-03-01 21:00:00
2025-03-03 12:52:00,Crime Junkie,MURDERED: Helen Betty Osborne,3374718,2025-03-03 12:00:00
2025-03-03 13:43:00,The Mel Robbins Podcast,13 Things I Wish I Knew in My 20s,2170,2025-03-03 13:00:00
2025-03-03 13:43:00,StephanieSooEats,The disappearance of the #1 YouTuber of China_ What happened to Liziqi_,3025,2025-03-03 13:00:00
2025-03-03 13:43:00,Mile Higher,335: The Bizarre Zizians Death-Cult Possibly Tied to 6 Murders,1270,2025-03-03 13:00:00
2025-03-03 13:43:00,Bach and Arthur Podcast,"An Imminent Ice Age, Movies that got the Science BADLY wrong and Bach’s Hyperfixation problem",400,2025-03-03 13:00:00
2025-03-03 13:43:00,Hot On The Case ,11 Year Old KILLED Pregnant Stepmom? Case of Jordan Brown & Kenzie Houk,1590,2025-03-03 13:00:00
2025-03-03 13:43:00,True Crime With Elli Mac,A Deadly Love Triangle: The Murder Of Anna Repkina,850,2025-03-03 13:00:00
2025-03-03 13:43:00,The Deck,"Susan Poupart (7 of Spades, Wisconsin)",1260,2025-03-03 13:00:00
2025-03-03 13:43:00,True Crime with Kendall Rae,Life360 App Helps Police Find Missing 13 Yr. Old: Justice for Savannah Copeland,40,2025-03-03 13:00:00
2025-03-03 13:44:00,Prime Crime with Jesse Weber,Family Viciously Murdered in Quiet Iowa Neighborhood,0,2025-03-03 13:00:00
2025-03-03 13:44:00,The Murder Diaries,"Unscripted: Netflix's Apple Cider Vinegar, Christy Carlson Romano's Injury, & Bhad Bhabie vs. Alabama Barker",3510,2025-03-03 13:00:00
2025-03-03 13:44:00,Behind You,The Creepypasta Killer: Case of Donavan Nicholas,1295,2025-03-03 13:00:00
2025-03-03 13:44:00,True Crime with Kendall Rae,Life360 App Helps Police Find Missing 13 Yr. Old: Justice for Savannah Copeland,0,2025-03-03 13:00:00
2025-03-03 13:46:00,The Useless Hotline,"George Accidentally leaks girlfriend, Kieth Lee Drama and charity match reveal",3101429,2025-03-03 13:00:00
2025-03-03 14:12:00,True Crime with Kendall Rae,Life360 App Helps Police Find Missing 13 Yr. Old: Justice for Savannah Copeland,336,2025-03-03 14:00:00
2025-03-03 14:13:00,Saving Grace,"150: Trewley Precious’ HACKING & BLACKMAIL EXCLUSIVE, Asking Out Aitch, and Addressing Rebecca Goodwin Drama!",60010,2025-03-03 14:00:00
2025-03-03 14:44:00,"Murder, Mystery & Makeup",How Snapchat caught this parent killer red-handed,530716,2025-03-03 14:00:00
2025-03-03 14:44:00,Saving Grace,"150: Trewley Precious’ HACKING & BLACKMAIL EXCLUSIVE, Asking Out Aitch, and Addressing Rebecca Goodwin Drama!",1060,2025-03-03 14:00:00
2025-03-03 22:32:00,Rotten Mango,#397: Diddy’s ‘Freak Off’: What Truly Happened To Cassie In The 10-Year Relationship With Diddy,2143791,2025-03-03 22:00:00
2025-03-04 00:35:00,Rotten Mango,"#398: The Suspicious Death of Diddy’s Ex Kim Porter, And The Controversial Tell-All Book About Diddy",3231448,2025-03-04 00:00:00
2025-03-04 21:17:00,Rotten Mango,"#398: The Suspicious Death of Diddy’s Ex Kim Porter, And The Controversial Tell-All Book About Diddy",2156220,2025-03-04 21:00:00
2025-03-05 18:59:00,Rotten Mango,"#398: The Suspicious Death of Diddy’s Ex Kim Porter, And The Controversial Tell-All Book About Diddy",2604450,2025-03-05 18:00:00
2025-03-06 02:05:00,Rotten Mango,"#399: 13 Deaths Around Diddy: 9 Victims of City College Incident, Tupac & Biggie, Kim Porter, and more",2833240,2025-03-06 02:00:00
2025-03-07 15:41:00,Bach and Arthur Podcast,"Bach Gets Into a Fight, A Shark Attack in the UK & Addressing all of the Recent Changes...",2310048,2025-03-07 15:00:00
2025-03-07 20:39:00,The Mel Robbins Podcast,Turn Anxiety Into Power: A 3-Step Process to Master Your Emotions From a Harvard Psychologist,1161130,2025-03-07 20:00:00
2025-03-10 16:47:00,Crime Junkie,INFAMOUS: Lovers' Lane Murders,2531834,2025-03-10 16:00:00
2025-03-10 18:44:00,Rotten Mango,Mom Confesses To Watching Daughter Get Dismembered & Got Turned On By It - Now Claims False Confession,3702720,2025-03-10 18:00:00
2025-03-10 22:42:00,Rotten Mango,Mom Confesses To Watching Daughter Get Dismembered & Got Turned On By It - Now Claims False Confession,479050,2025-03-10 22:00:00
2025-03-11 16:07:00,The Useless Hotline,The Boys Rate Max's WORST Red Carpet Outfits & Make Sidemen Charity Match Predictions,1024600,2025-03-11 16:00:00
2025-03-12 14:08:00,Moral Of The Story,Chinese “Single’s Inferno” Has All “Dominant CEO” Type Men - It’s The Best Thing I’ve Ever Seen,47440,2025-03-12 14:00:00
2025-03-12 15:45:00,Moral Of The Story,Wealthy Couple Decide To Try “Open Marriage” And EVERYTHING Goes Horribly Wrong,2676666,2025-03-12 15:00:00
2025-03-12 17:18:00,Moral Of The Story,Wealthy Couple Decide To Try “Open Marriage” And EVERYTHING Goes Horribly Wrong,1660144,2025-03-12 17:00:00
2025-03-12 22:02:00,Moral Of The Story,Wealthy Couple Decide To Try “Open Marriage” And EVERYTHING Goes Horribly Wrong,167734,2025-03-12 22:00:00
2025-03-13 00:04:00,Rotten Mango,Ruby Franke Vlogs Torture Of 6 Kids For YouTube Views - Exposed By All The New Deleted Footage,5024680,2025-03-13 00:00:00
2025-03-13 13:05:00,Rotten Mango,Ruby Franke Vlogs Torture Of 6 Kids For YouTube Views - Exposed By All The New Deleted Footage,1783718,2025-03-13 13:00:00
2025-03-13 15:35:00,Crime Junkie,MURDERED: Dana Ireland,629227,2025-03-13 15:00:00
2025-03-13 15:39:00,The Fellas,223. Chip Wins SIDEMEN Charity Match & MAKES HISTORY!!!!,0,2025-03-13 15:00:00
2025-03-13 15:39:00,True Crime with Kendall Rae,"Husband Charged With Her Murder, yet His Wife Is Still Missing… Where Is Mamta Kafle Bhatt?",0,2025-03-13 15:00:00
2025-03-13 15:39:00,"Murder, Mystery & Makeup",She kept her secret lover in the attic for 10 YEARS and no one knew?!,0,2025-03-13 15:00:00
2025-03-13 15:39:00,Behind You,"Man Murders Wife as a ""Joke"": Case of Adam Fravel",0,2025-03-13 15:00:00
2025-03-13 15:39:00,Bach and Arthur Podcast,"Bach Gets Into a Fight, A Shark Attack in the UK & Addressing all of the Recent Changes...",2667844,2025-03-13 15:00:00
2025-03-13 15:39:00,True Crime with Kendall Rae,Life360 App Helps Police Find Missing 13 Yr. Old: Justice for Savannah Copeland,0,2025-03-13 15:00:00
2025-03-13 17:46:00,The Useless Hotline,The Boys Rate Max's WORST Red Carpet Outfits & Make Sidemen Charity Match Predictions,3585424,2025-03-13 17:00:00
2025-03-13 18:28:00,Moral Of The Story,Chinese Influencers Suddenly Mass Marry Dubai Princes & Attend United Nation Meetings,2412251,2025-03-13 18:00:00
2025-03-13 21:42:00,True Crime with Kendall Rae,Baron Li Survives 9 Gunshots & Is Here To Tell His Story,409508,2025-03-13 21:00:00
2025-03-13 21:43:00,the zurkie show,stop chasing what’s not for you,6720,2025-03-13 21:00:00
2025-03-13 21:43:00,the zurkie show,stop chasing what’s not for you,14510,2025-03-13 21:00:00
2025-03-13 21:43:00,the zurkie show,stop chasing what’s not for you,400,2025-03-13 21:00:00
2025-03-13 21:43:00,the zurkie show,stop chasing what’s not for you,1500,2025-03-13 21:00:00
2025-03-13 21:50:00,True Crime with Kendall Rae,Baron Li Survives 9 Gunshots & Is Here To Tell His Story,63298,2025-03-13 21:00:00
2025-03-14 06:31:00,True Crime with Kendall Rae,Baron Li Survives 9 Gunshots & Is Here To Tell His Story,627240,2025-03-14 06:00:00
2025-03-15 18:55:00,Bach and Arthur Podcast,"Chip on ego problems at the Sidemen Match, How Gonorrhea Gave us Grandmothers and AI vs Aliens",3313560,2025-03-15 18:00:00
2025-03-16 03:50:00,Bach and Arthur Podcast,"Chip on ego problems at the Sidemen Match, How Gonorrhea Gave us Grandmothers and AI vs Aliens",2883290,2025-03-16 03:00:00
2025-03-16 20:45:00,True Crime with Kendall Rae,Facebook Catfish Murders: Jenelle Potter Tricks Dad & Boyfriend Into Murder,3216798,2025-03-16 20:00:00
2025-03-16 21:37:00,Crime Junkie,MYSTERIOUS DEATH OF: Franchesca Alvarado,2800483,2025-03-16 21:00:00
2025-03-16 21:47:00,Crime Junkie,UPDATE: The Colonial Parkway Murders,583968,2025-03-16 21:00:00
2025-03-17 03:49:00,Moral Of The Story,Chinese “Single’s Inferno” Has All “Dominant CEO” Type Men - It’s The Best Thing I’ve Ever Seen,1804290,2025-03-17 03:00:00
2025-03-17 12:22:00,Crime Junkie,INFAMOUS: Indiana Dunes Disappearances,2637348,2025-03-17 12:00:00
2025-03-17 17:47:00,The Useless Hotline,George Talks Going On INSIDE Season 2 & Secrets Behind Sidemen Charity Match,2232480,2025-03-17 17:00:00
2025-03-17 18:32:00,The Useless Hotline,George Talks Going On INSIDE Season 2 & Secrets Behind Sidemen Charity Match,2677470,2025-03-17 18:00:00
2025-03-17 19:33:00,The Diary Of A CEO with Steven Bartlett,Dr. Joe Dispenza: Secret To Living Without Fear & Anxiety Forever! Your Mind Can Heal Itself! Stress Is The Root Of 90% Of All Diseases!,4737,2025-03-17 19:00:00
2025-03-17 21:23:00,The Diary Of A CEO with Steven Bartlett,Dr. Joe Dispenza: Secret To Living Without Fear & Anxiety Forever! Your Mind Can Heal Itself! Stress Is The Root Of 90% Of All Diseases!,7522,2025-03-17 21:00:00
2025-03-17 21:24:00,The Diary Of A CEO with Steven Bartlett,Dr. Joe Dispenza: Secret To Living Without Fear & Anxiety Forever! Your Mind Can Heal Itself! Stress Is The Root Of 90% Of All Diseases!,27570,2025-03-17 21:00:00
2025-03-21 00:20:00,Bach and Arthur Podcast,"Cringing at our First YouTube Videos, How Human Memory is an Illusion & the Reality of Dubai",1924352,2025-03-21 00:00:00
2025-03-21 01:01:00,The Diary Of A CEO with Steven Bartlett,"The Speaking Coach: The One Word All Liars Use! Stop Saying This Word, It's Making You Sound Weak! The More You Do This, The More You Sound Like A Liar!",0,2025-03-21 01:00:00
2025-03-21 15:56:00,Bach and Arthur Podcast,"Cringing at our First YouTube Videos, How Human Memory is an Illusion & the Reality of Dubai",52617,2025-03-21 15:00:00
2025-03-22 14:58:00,Bach and Arthur Podcast,"Cringing at our First YouTube Videos, How Human Memory is an Illusion & the Reality of Dubai",1890005,2025-03-22 14:00:00
2025-03-22 19:19:00,Rotten Mango,Ruby Franke “Shares Bed” With Evil Woman/Marriage Counselor To Get Rid of Demons,2976238,2025-03-22 19:00:00
2025-03-23 15:30:00,Rotten Mango,Ruby Franke “Shares Bed” With Evil Woman/Marriage Counselor To Get Rid of Demons,2089056,2025-03-23 15:00:00
2025-03-24 13:16:00,the zurkie show,how to stop overthinking everything,240,2025-03-24 13:00:00
2025-03-24 13:33:00,The Useless Hotline,PK Humble Reveals The Truth About Sidemen Inside...,3640103,2025-03-24 13:00:00
2025-03-24 15:20:00,Crime Junkie,IDENTIFIED: Midtown Jane Doe,1077205,2025-03-24 15:00:00
2025-03-24 17:45:00,Crime Junkie,IDENTIFIED: Midtown Jane Doe,2351229,2025-03-24 17:00:00
2025-03-24 18:39:00,Behind You,The Wannabe-Intelligent Cult that Killed 6 People : Case of the Zizan Cult ,3253600,2025-03-24 18:00:00
2025-03-25 00:22:00,Rotten Mango,"Ruby Franke Wrote ""Abuse Diary"" While Posting A “Keeping Kid Safe In Predatory Society” Podcast",358120,2025-03-25 00:00:00
2025-03-25 12:56:00,Rotten Mango,"Ruby Franke Wrote ""Abuse Diary"" While Posting A “Keeping Kid Safe In Predatory Society” Podcast",99615,2025-03-25 12:00:00
2025-03-25 14:18:00,Rotten Mango,"Ruby Franke Wrote ""Abuse Diary"" While Posting A “Keeping Kid Safe In Predatory Society” Podcast",1868284,2025-03-25 14:00:00
2025-03-26 17:58:00,Rotten Mango,"Ruby Franke Wrote ""Abuse Diary"" While Posting A “Keeping Kid Safe In Predatory Society” Podcast",2361260,2025-03-26 17:00:00
2025-03-27 17:20:00,True Crime with Kendall Rae,The Man Who Faked His Death for a New Life With His Mistress,393313,2025-03-27 17:00:00
2025-03-27 17:36:00,Bach and Arthur Podcast,Would We Eat Lab Grown Meat? George Clarkey on InSIDE & Answering AWFUL Listener Questions!,1163170,2025-03-27 17:00:00
2025-03-27 20:42:00,Bach and Arthur Podcast,Would We Eat Lab Grown Meat? George Clarkey on InSIDE & Answering AWFUL Listener Questions!,5197114,2025-03-27 20:00:00
2025-03-27 22:03:00,The Fellas,225. AB Gets Choked Out by Jon Jones & How He Became a YouTube Star...,741640,2025-03-27 22:00:00
2025-03-28 13:22:00,Rotten Mango,Ruby Franke Calls Husband From Jail “I’m A Really Good Girl” After Almost Killing 2 Of Her Kids,6091630,2025-03-28 13:00:00
2025-03-31 16:53:00,Crime Junkie,INFAMOUS: The Death of John O'Keefe & The Trial of Karen Read,6295609,2025-03-31 16:00:00
2025-03-31 18:26:00,Rotten Mango,Korean Teacher Laughs After Stabbing 8 Yr-Old Student To Death Because “I Want To Die With Someone”,5526543,2025-03-31 18:00:00
2025-03-31 22:46:00,The Useless Hotline,Jason The Ween Explains What REALLY Happened At The Inside Reunion,78770,2025-03-31 22:00:00
2025-04-01 14:24:00,Ghosteas,Duende Stories,4060,2025-04-01 14:00:00
2025-04-01 17:39:00,Moral Of The Story,Nepo Billionaire Boy Gets Influencer Pregnant Then Refuses To Pay For “Baby Formula”,3735797,2025-04-01 17:00:00
2025-04-02 14:05:00,Behind You,Thirst-Trap Tik-toker Runs over Woman to “Turn her into Spaghetti”: Case of Christine and Diane,148871,2025-04-02 14:00:00
2025-04-02 20:40:00,Moral Of The Story,"CHEATING COUPLE Captured In Chinese Streetwear Tiktok- ""Mistress’s Dress"" Sold Out Immediately",0,2025-04-02 20:00:00
2025-04-03 00:18:00,Crime Junkie,WANTED: Justice for Rhys Pocan & MMIW Part 1,1429890,2025-04-03 00:00:00
2025-04-03 15:37:00,Two Hot Takes,207: That's Unfair?! Ft. Angela Giarratana ,5170,2025-04-03 15:00:00
2025-04-03 15:37:00,Outlore with Eleanor Neale,Billionaire CEO Murdered & Stuffed Inside a Suitcase,3450,2025-04-03 15:00:00
2025-04-03 16:35:00,Outlore with Eleanor Neale,Billionaire CEO Murdered & Stuffed Inside a Suitcase,3008470,2025-04-03 16:00:00
2025-04-03 17:35:00,Two Hot Takes,207: That's Unfair?! Ft. Angela Giarratana ,0,2025-04-03 17:00:00
2025-04-03 17:35:00,Bach and Arthur Podcast,"Ancient Egypt's SECRET City, Debunking  Space Travel Myths & Arthur is a Chess Grandmaster?!",2130,2025-04-03 17:00:00
2025-04-03 22:04:00,Bach and Arthur Podcast,"Ancient Egypt's SECRET City, Debunking  Space Travel Myths & Arthur is a Chess Grandmaster?!",4351010,2025-04-03 22:00:00
2025-04-04 13:06:00,Bach and Arthur Podcast,"Ancient Egypt's SECRET City, Debunking  Space Travel Myths & Arthur is a Chess Grandmaster?!",530290,2025-04-04 13:00:00
2025-04-04 17:23:00,Hot and Unbothered,"how to stop overthinking NOW: guide to control your mind, manage anxiety, & find internal peace ",3110,2025-04-04 17:00:00
2025-04-04 17:24:00,The Mel Robbins Podcast,13 Things I Wish I Knew in My 20s,1790,2025-04-04 17:00:00
2025-04-04 17:24:00,Mile Higher,"338: Diddy's Downfall Continues...""Wild King Nights""Revealed, Shocking Lawsuits & New Victims",3580,2025-04-04 17:00:00
2025-04-04 17:24:00,Behind You,"Man Murders Wife as a ""Joke"": Case of Adam Fravel",0,2025-04-04 17:00:00
2025-04-04 17:24:00,Hot and Unbothered,"how to stop overthinking NOW: guide to control your mind, manage anxiety, & find internal peace ",3410,2025-04-04 17:00:00
2025-04-04 17:24:00,Hot and Unbothered,"how to stop overthinking NOW: guide to control your mind, manage anxiety, & find internal peace ",0,2025-04-04 17:00:00
2025-04-04 17:24:00,Hot and Unbothered,"how to stop overthinking NOW: guide to control your mind, manage anxiety, & find internal peace ",690,2025-04-04 17:00:00
2025-04-04 17:25:00,Hot and Unbothered,"how to stop overthinking NOW: guide to control your mind, manage anxiety, & find internal peace ",14422,2025-04-04 17:00:00
2025-04-04 19:03:00,Mile Higher,334: BRYAN JOHNSON: The Controversial Anti-Aging Millionaire Determined To Live Forever,95280,2025-04-04 19:00:00
2025-04-04 19:03:00,Mile Higher,"338: Diddy's Downfall Continues...""Wild King Nights""Revealed, Shocking Lawsuits & New Victims",620,2025-04-04 19:00:00
2025-04-04 19:03:00,Crime Junkie,MURDERED: Oklahoma Girl Scouts,270,2025-04-04 19:00:00
2025-04-04 19:03:00,Behind You,"Man Murders Wife as a ""Joke"": Case of Adam Fravel",0,2025-04-04 19:00:00
2025-04-04 19:03:00,Hot and Unbothered,"how to stop overthinking NOW: guide to control your mind, manage anxiety, & find internal peace ",190,2025-04-04 19:00:00
2025-04-07 12:56:00,Crime Junkie,MURDERED: Charlotte Grabbe,2720626,2025-04-07 12:00:00
2025-04-07 15:22:00,Behind You,Stalked and Murdered by High-School Sweetheart: Case of Emma Walker,1885186,2025-04-07 15:00:00
2025-04-07 18:33:00,Rotten Mango,Everyone Goes Missing In This Apartment Building (BAM #1),540,2025-04-07 18:00:00
2025-04-07 18:33:00,The Useless Hotline,Milli Jo Opens Up About What Happened On Inside Season 2...,5563730,2025-04-07 18:00:00
2025-04-07 18:33:00,Moral Of The Story,Korean “Divorce Show” Brings WORST Couples To Decide If They Should Divorce *it’s a mess,0,2025-04-07 18:00:00
2025-04-07 18:33:00,Behind You,The Creepypasta Killer: Case of Donavan Nicholas,35,2025-04-07 18:00:00
2025-04-07 18:34:00,Moral Of The Story,Korean “Divorce Show” Brings WORST Couples To Decide If They Should Divorce *it’s a mess,940,2025-04-07 18:00:00
2025-04-07 18:35:00,Behind You,"Man Murders Wife as a ""Joke"": Case of Adam Fravel",4275,2025-04-07 18:00:00
2025-04-08 12:57:00,Mile Higher,331: He Vanished From A Public Bathroom & His Parents Were Accused of Murder: Where is Steven Clark?,4700280,2025-04-08 12:00:00
2025-04-09 01:01:00,Moral Of The Story,Korean “Divorce Show” Brings WORST Couples To Decide If They Should Divorce *it’s a mess,1344680,2025-04-09 01:00:00
2025-04-09 16:52:00,Mile Higher,327: She Left A Disturbing Voicemail & Then She Vanished: What Happened to Kelley Brannon?,0,2025-04-09 16:00:00
2025-04-09 16:52:00,True Crime with Kendall Rae,Au Pair & Husband’s Affair Leads To Double Homicide? The Christine Banfield & Joseph Ryan Case,4790,2025-04-09 16:00:00
2025-04-09 18:20:00,Raw Reality,#135 | The Power of Saying YES,1310,2025-04-09 18:00:00
2025-04-09 19:12:00,Raw Reality,#135 | The Power of Saying YES,0,2025-04-09 19:00:00
2025-04-09 19:12:00,Rotten Mango,#365: His Wife Vanished On A Moving Train - Everybody On Train Is A Suspect,1307390,2025-04-09 19:00:00
2025-04-10 00:17:00,Raw Reality,#135 | The Power of Saying YES,35940,2025-04-10 00:00:00
2025-04-10 00:17:00,Raw Reality,#135 | The Power of Saying YES,0,2025-04-10 00:00:00
2025-04-10 00:25:00,Raw Reality,#135 | The Power of Saying YES,0,2025-04-10 00:00:00
2025-04-10 14:31:00,Raw Reality,#135 | The Power of Saying YES,0,2025-04-10 14:00:00
2025-04-10 19:02:00,Raw Reality,#135 | The Power of Saying YES,0,2025-04-10 19:00:00
2025-04-11 11:05:00,Mile Higher,"340: Four 911 Calls, Two Murders & A Suspicious Death: The Unsolved Anaqua Springs Case",5660160,2025-04-11 11:00:00
2025-04-11 17:14:00,Bach and Arthur Podcast,Can We Pass a GCSE Science Test? Dire Wolves are BACK! & A NEW Male Birth Control Pill?,2951659,2025-04-11 17:00:00
2025-04-12 00:30:00,Childproof,Person Parents,65879,2025-04-12 00:00:00
2025-04-12 00:31:00,Childproof,Person Parents,0,2025-04-12 00:00:00
2025-04-12 01:31:00,Childproof,Person Parents,0,2025-04-12 01:00:00
2025-04-12 15:46:00,Childproof,Person Parents,1620,2025-04-12 15:00:00
2025-04-12 17:20:00,Childproof,Person Parents,0,2025-04-12 17:00:00
2025-04-12 17:20:00,Childproof,Person Parents,1120,2025-04-12 17:00:00
2025-04-12 19:09:00,Childproof,Person Parents,0,2025-04-12 19:00:00
2025-04-13 05:08:00,Crime Junkie,INFAMOUS: Indiana Dunes Disappearances,2666,2025-04-13 05:00:00
2025-04-14 14:29:00,Crime Junkie,MURDERED: The Feeney Family,2196318,2025-04-14 14:00:00
2025-04-14 15:24:00,Crime Junkie,MURDERED: The Feeney Family,2153796,2025-04-14 15:00:00
2025-04-14 17:07:00,The Useless Hotline,Katherine Ryan Talks Russell Brand & Her Reality Show With Violet Ryan,5480,2025-04-14 17:00:00
2025-04-14 18:49:00,The Useless Hotline,Katherine Ryan Talks Russell Brand & Her Reality Show With Violet Ryan,517017,2025-04-14 18:00:00
2025-04-14 18:50:00,The Useless Hotline,"ArthurTV and Arthur Hill Reveal Dating Preferences, Expose Embarrassing Secrets and the Truth Behind Platform Roullette",73450,2025-04-14 18:00:00
2025-04-14 19:13:00,The Useless Hotline,"Chris MD Discusses His Breakup, Dating Celebs and tests Max's Football Knowledge",494250,2025-04-14 19:00:00
2025-04-14 20:48:00,The Useless Hotline,"Chris MD Discusses His Breakup, Dating Celebs and tests Max's Football Knowledge",5440049,2025-04-14 20:00:00
2025-04-14 23:49:00,The Useless Hotline,This episode shouldn't be released...,1731040,2025-04-14 23:00:00
2025-04-15 20:19:00,Root of Evil: The True Story of the Hodel Family and the Black Dahlia,Saved By The Ghetto,2016920,2025-04-15 20:00:00
2025-04-16 00:40:00,Root of Evil: The True Story of the Hodel Family and the Black Dahlia,Saved By The Ghetto,511360,2025-04-16 00:00:00
2025-04-16 00:42:00,Root of Evil: The True Story of the Hodel Family and the Black Dahlia,Saved By The Ghetto,96157,2025-04-16 00:00:00
2025-04-16 00:48:00,Root of Evil: The True Story of the Hodel Family and the Black Dahlia,"Sneak Peek: ""You couldn't make this story up.""",331781,2025-04-16 00:00:00
2025-04-16 13:34:00,Root of Evil: The True Story of the Hodel Family and the Black Dahlia,A Skilled Surgeon,1250682,2025-04-16 13:00:00
2025-04-16 13:50:00,Root of Evil: The True Story of the Hodel Family and the Black Dahlia,A Skilled Surgeon,979183,2025-04-16 13:00:00
2025-04-16 13:56:00,Root of Evil: The True Story of the Hodel Family and the Black Dahlia,George's Gift,10044,2025-04-16 13:00:00
2025-04-16 17:10:00,Root of Evil: The True Story of the Hodel Family and the Black Dahlia,George's Gift,969050,2025-04-16 17:00:00
2025-04-16 17:36:00,Root of Evil: The True Story of the Hodel Family and the Black Dahlia,George's Gift,1583355,2025-04-16 17:00:00
2025-04-16 20:42:00,Root of Evil: The True Story of the Hodel Family and the Black Dahlia,The Minotaur,2813038,2025-04-16 20:00:00
2025-04-16 22:07:00,Root of Evil: The True Story of the Hodel Family and the Black Dahlia,Traumatic Reenactment,1248947,2025-04-16 22:00:00
2025-04-17 00:42:00,Root of Evil: The True Story of the Hodel Family and the Black Dahlia,Traumatic Reenactment,2138764,2025-04-17 00:00:00
2025-04-17 14:03:00,Root of Evil: The True Story of the Hodel Family and the Black Dahlia,Supposin' I Did Kill The Black Dahlia,814343,2025-04-17 14:00:00
2025-04-17 16:09:00,Root of Evil: The True Story of the Hodel Family and the Black Dahlia,Supposin' I Did Kill The Black Dahlia,3101227,2025-04-17 16:00:00
2025-04-17 19:06:00,ShxtsnGigs Reacts,STAND UP FAILS WITH AXEL BLAKE! | ShxtsNGigs Reacts,2180,2025-04-17 19:00:00
2025-04-17 19:12:00,Root of Evil: The True Story of the Hodel Family and the Black Dahlia,The Troubling Questions,2367921,2025-04-17 19:00:00
2025-04-17 19:12:00,Root of Evil: The True Story of the Hodel Family and the Black Dahlia,You Only Have One Family,0,2025-04-17 19:00:00
2025-04-17 21:15:00,Bach and Arthur Podcast,"Bach Survives an Earthquake, Partying with Einstein & the Super Volcanoes Set to BLOW!",1519200,2025-04-17 21:00:00
2025-04-17 21:16:00,ShxtsnGigs Reacts,STAND UP FAILS WITH AXEL BLAKE! | ShxtsNGigs Reacts,61098,2025-04-17 21:00:00
2025-04-17 22:06:00,ShxtsnGigs Reacts,STAND UP FAILS WITH AXEL BLAKE! | ShxtsNGigs Reacts,61099,2025-04-17 22:00:00
2025-04-17 22:11:00,ShxtsnGigs Reacts,STAND UP FAILS WITH AXEL BLAKE! | ShxtsNGigs Reacts,0,2025-04-17 22:00:00
2025-04-17 22:11:00,ShxtsnGigs Reacts,STAND UP FAILS WITH AXEL BLAKE! | ShxtsNGigs Reacts,26410,2025-04-17 22:00:00
2025-04-17 22:12:00,ShxtsnGigs Reacts,STAND UP FAILS WITH AXEL BLAKE! | ShxtsNGigs Reacts,850,2025-04-17 22:00:00
2025-04-17 22:13:00,ShxtsnGigs Reacts,STAND UP FAILS WITH AXEL BLAKE! | ShxtsNGigs Reacts,982,2025-04-17 22:00:00
2025-04-17 22:32:00,ShxtsnGigs Reacts,STAND UP FAILS WITH AXEL BLAKE! | ShxtsNGigs Reacts,0,2025-04-17 22:00:00
2025-04-17 22:32:00,Bach and Arthur Podcast,"Bach Survives an Earthquake, Partying with Einstein & the Super Volcanoes Set to BLOW!",1213210,2025-04-17 22:00:00
2025-04-17 22:33:00,ShxtsnGigs Reacts,STAND UP FAILS WITH AXEL BLAKE! | ShxtsNGigs Reacts,930,2025-04-17 22:00:00
2025-04-18 18:41:00,First Date with Lauren Compton,Time And A Place For Gay w/ Dylan Sullivan | First Date with Lauren Compton,0,2025-04-18 18:00:00
2025-04-19 15:00:00,First Date with Lauren Compton,Time And A Place For Gay w/ Dylan Sullivan | First Date with Lauren Compton,37280,2025-04-19 15:00:00
2025-04-19 15:02:00,First Date with Lauren Compton,Time And A Place For Gay w/ Dylan Sullivan | First Date with Lauren Compton,7694,2025-04-19 15:00:00
2025-04-19 15:03:00,Rotten Mango,Brian Laundrie Is Alive? His Confession Note For Killing Fiance Similar To Famous Horror Novel,0,2025-04-19 15:00:00
2025-04-19 15:03:00,Root of Evil: The True Story of the Hodel Family and the Black Dahlia,You Only Have One Family,0,2025-04-19 15:00:00
2025-04-19 15:03:00,Behind You,“It Girl” Tik-Toker Helps Boyfriend in Double Murder: Case of James Martin and Dana Ryssdal,0,2025-04-19 15:00:00
2025-04-20 22:21:00,The Useless Hotline,Max & George Talk JoJo Siwa Drama on CBB and Beavers Becoming Extinct,208681,2025-04-20 22:00:00
2025-04-21 15:16:00,Crime Junkie,MURDERED: Solomon Robinson,2178998,2025-04-21 15:00:00
2025-04-21 15:25:00,Crime Junkie,MURDERED: Solomon Robinson,572186,2025-04-21 15:00:00
2025-04-21 17:31:00,Mile Higher,341: The Highly Controversial World Of Evangelical “Hell Houses”,6154344,2025-04-21 17:00:00
2025-04-21 17:43:00,I Survived,I Wanted Him to be as Afraid of Me as I Was of Him,1250,2025-04-21 17:00:00
2025-04-21 17:43:00,I Survived,I Wanted Him to be as Afraid of Me as I Was of Him,1060,2025-04-21 17:00:00
2025-04-21 17:43:00,Behind You,“It Girl” Tik-Toker Helps Boyfriend in Double Murder: Case of James Martin and Dana Ryssdal,401571,2025-04-21 17:00:00
2025-04-22 17:22:00,Moral Of The Story,Girl Goes On Chinese “Single’s Inferno” & Forced To Sleep W/ Worst Guys Til Finally Finding Love,996670,2025-04-22 17:00:00
2025-04-23 14:49:00,True Crime with Kendall Rae,Who Killed Emily Pike? No More Stolen Sisters,110,2025-04-23 14:00:00
2025-04-23 14:49:00,Behind You,The Creepypasta Killer: Case of Donavan Nicholas,25,2025-04-23 14:00:00
2025-04-23 15:43:00,The Teacher's Pet,Episode 1 - Bayview,2462512,2025-04-23 15:00:00
2025-04-23 18:21:00,The Teacher's Pet,Episode 2 - Cromer High,2608918,2025-04-23 18:00:00
2025-04-24 17:51:00,Bach and Arthur Podcast,"Becoming Daddies, The WORST Platform Roulette & The REAL Problem With South Korea!",5206622,2025-04-24 17:00:00
2025-04-25 01:45:00,Rotten Mango,Brian Laundrie Is Alive? His Confession Note For Killing Fiance Similar To Famous Horror Novel,53530,2025-04-25 01:00:00
2025-04-25 15:54:00,ADHD Chatter,Cambridge Educated Psychiatrist Shares New ADHD Treatment | Dr Judith Mohring,730,2025-04-25 15:00:00
2025-04-26 20:19:00,The Lore Lads,The Bizarre Psychology of the Ramsey Family | Podcast Episode 166,2240,2025-04-26 20:00:00
2025-04-26 20:19:00,The Lore Lads,The Bizarre Psychology of the Ramsey Family | Podcast Episode 166,4380,2025-04-26 20:00:00
2025-04-26 20:42:00,The Lore Lads,The Bizarre Psychology of the Ramsey Family | Podcast Episode 166,7981,2025-04-26 20:00:00
2025-04-26 20:44:00,The Lore Lads,The Bizarre Psychology of the Ramsey Family | Podcast Episode 166,29655,2025-04-26 20:00:00
2025-04-26 21:01:00,The Lore Lads,The Bizarre Psychology of the Ramsey Family | Podcast Episode 166,29587,2025-04-26 21:00:00
2025-04-26 21:04:00,The Lore Lads,The Bizarre Psychology of the Ramsey Family | Podcast Episode 166,61761,2025-04-26 21:00:00
2025-04-26 22:00:00,The Lore Lads,The Bizarre Psychology of the Ramsey Family | Podcast Episode 166,1680,2025-04-26 22:00:00
2025-04-26 22:00:00,The Lore Lads,The Bizarre Psychology of the Ramsey Family | Podcast Episode 166,1930,2025-04-26 22:00:00
2025-04-28 12:34:00,The Lore Lads,The Bizarre Psychology of the Ramsey Family | Podcast Episode 166,140,2025-04-28 12:00:00
2025-04-28 14:10:00,The Lore Lads,The Bizarre Psychology of the Ramsey Family | Podcast Episode 166,0,2025-04-28 14:00:00
2025-04-28 14:12:00,The Dr. John Delony Show,I’m Shocked by My Husband’s Confession,0,2025-04-28 14:00:00
2025-04-28 15:58:00,The Lore Lads,The Bizarre Psychology of the Ramsey Family | Podcast Episode 166,0,2025-04-28 15:00:00
2025-04-28 15:58:00,The Dr. John Delony Show,I’m Shocked by My Husband’s Confession,4430,2025-04-28 15:00:00
2025-04-28 16:23:00,The Useless Hotline,Max & George Talk JoJo Siwa Drama on CBB and Beavers Becoming Extinct,1790,2025-04-28 16:00:00
2025-04-28 16:23:00,The Useless Hotline,JoJo Siwa Tells All About Relationship with Chris Hughes And What Really Happened In CBB,20178,2025-04-28 16:00:00
2025-04-28 16:34:00,The Useless Hotline,JoJo Siwa Tells All About Relationship with Chris Hughes And What Really Happened In CBB,3760586,2025-04-28 16:00:00
2025-04-28 16:34:00,The Dr. John Delony Show,I’m Shocked by My Husband’s Confession,0,2025-04-28 16:00:00
2025-04-28 17:55:00,Crime Junkie,INFAMOUS: The Westside Park Murders,3024404,2025-04-28 17:00:00
2025-04-28 18:19:00,The Dr. John Delony Show,I’m Shocked by My Husband’s Confession,0,2025-04-28 18:00:00
2025-04-28 18:19:00,The Diary Of A CEO with Steven Bartlett,The Savings Expert: They're Lying To You About Buying A House! Tariffs Are About To Skyrocket Cost Of Living! Here's The Truth About America Collapsing!,122109,2025-04-28 18:00:00
2025-04-30 00:15:00,Rotten Mango,Korean President LOCKS DOWN Country Because “Wife Doesn’t Want To Go To Prison”,1231060,2025-04-30 00:00:00
2025-05-01 19:04:00,Mile Higher,343: Her Harry Potter Obsessed Husband Took Things Way Too Far: The Suspicious Death of Bethany Deaton,4696954,2025-05-01 19:00:00
2025-05-01 20:25:00,Bach and Arthur Podcast,"100 Men Vs 1 Gorilla, Bach's Marathon DISASTER & Our HONEST Opinion On Katy Perry Going To Space #11",4282626,2025-05-01 20:00:00
2025-05-02 01:11:00,Crime Junkie,MURDERED: Oklahoma Girl Scouts,2336010,2025-05-02 01:00:00
2025-05-03 01:45:00,Your Püdcast,L-I-K-E Police,1761,2025-05-03 01:00:00
2025-05-03 15:30:00,Your Püdcast,L-I-K-E Police,0,2025-05-03 15:00:00
2025-05-03 15:30:00,Your Püdcast,L-I-K-E Police,2210,2025-05-03 15:00:00
2025-05-03 15:34:00,Your Püdcast,L-I-K-E Police,280,2025-05-03 15:00:00
2025-05-06 02:55:00,The Useless Hotline,JoJo Siwa Tells All About Relationship with Chris Hughes And What Really Happened In CBB,592230,2025-05-06 02:00:00
2025-05-06 02:55:00,Ray William Johnson: True Story Podcast ,The Biggest Catfish Scam in History - The Manti Te'o story,0,2025-05-06 02:00:00
2025-05-06 02:55:00,The Dr. John Delony Show,I’m Shocked by My Husband’s Confession,0,2025-05-06 02:00:00
2025-05-06 14:37:00,Crime Junkie,SURVIVED: Fallon Farinacci,0,2025-05-06 14:00:00
2025-05-06 14:37:00,Ray William Johnson: True Story Podcast ,The Biggest Catfish Scam in History - The Manti Te'o story,0,2025-05-06 14:00:00
2025-05-06 14:38:00,Crime Junkie,MISSING: The Mishawaka Girls,18110,2025-05-06 14:00:00
2025-05-06 18:42:00,Crime Junkie,SURVIVED: Fallon Farinacci,1984700,2025-05-06 18:00:00
2025-05-06 18:42:00,Ray William Johnson: True Story Podcast ,The Biggest Catfish Scam in History - The Manti Te'o story,0,2025-05-06 18:00:00
2025-05-06 19:06:00,Crime Junkie,SURVIVED: Fallon Farinacci,1432973,2025-05-06 19:00:00
2025-05-06 19:13:00,Crime Junkie,MISSING: The Mishawaka Girls,403800,2025-05-06 19:00:00
2025-05-06 22:15:00,The Useless Hotline,Max & George Talk Hate For TikTok Shop And Max's Botox Treatments!!,1286420,2025-05-06 22:00:00
2025-05-07 02:10:00,Ray William Johnson: True Story Podcast ,The Biggest Catfish Scam in History - The Manti Te'o story,0,2025-05-07 02:00:00
2025-05-07 19:39:00,The Useless Hotline,Max & George Talk Hate For TikTok Shop And Max's Botox Treatments!!,857070,2025-05-07 19:00:00
2025-05-09 16:06:00,The Useless Hotline,Max & George Talk Hate For TikTok Shop And Max's Botox Treatments!!,982,2025-05-09 16:00:00
2025-05-10 05:23:00,Bach and Arthur Podcast,"Wrestling Logan Paul, DRUNK Pitchside Stag Do, & Why Calfreezy Can't Be Trusted!",1911275,2025-05-10 05:00:00
2025-05-11 00:29:00,Bach and Arthur Podcast,"Wrestling Logan Paul, DRUNK Pitchside Stag Do, & Why Calfreezy Can't Be Trusted!",2884728,2025-05-11 00:00:00
2025-05-11 05:26:00,The Mel Robbins Podcast,How to Stop Negative Thoughts & Reset Your Mind for Positive Thinking,136725,2025-05-11 05:00:00
2025-05-12 01:55:00,The Useless Hotline,WillNe & James Marriot Talk Rodds Coffee And What They Hate Most About Each Other,2899261,2025-05-12 01:00:00
2025-05-13 01:23:00,Training Without Conflict Podcast,Episode Sixty: Dr. Josef Witt-Doerring,0,2025-05-13 01:00:00
2025-05-13 23:00:00,Mystery Mondays,Couple Adopted Their Own Killer | The Case of the Shaughnessy Family,0,2025-05-13 23:00:00
2025-05-13 23:09:00,Mystery Mondays,Couple Adopted Their Own Killer | The Case of the Shaughnessy Family,434230,2025-05-13 23:00:00
2025-05-13 23:38:00,Mystery Mondays,Couple Adopted Their Own Killer | The Case of the Shaughnessy Family,3292,2025-05-13 23:00:00
2025-05-15 14:35:00,Mystery Mondays,Couple Adopted Their Own Killer | The Case of the Shaughnessy Family,2200,2025-05-15 14:00:00
2025-05-15 14:35:00,Mystery Mondays,Couple Adopted Their Own Killer | The Case of the Shaughnessy Family,0,2025-05-15 14:00:00
2025-05-15 14:54:00,Mystery Mondays,Couple Adopted Their Own Killer | The Case of the Shaughnessy Family,9176,2025-05-15 14:00:00
2025-05-15 19:00:00,Crime Junkie,MURDERED: Kala Williams & Heather Higgins,2928860,2025-05-15 19:00:00
2025-05-16 23:22:00,Bach and Arthur Podcast,You're All Hypocrites (And So Are We),488090,2025-05-16 23:00:00
2025-05-17 17:57:00,Bach and Arthur Podcast,You're All Hypocrites (And So Are We),2470,2025-05-17 17:00:00
2025-05-17 17:57:00,Petty POV with Charlotte Dobre,My Fiancé & I Judge Wild Dating Disasters – Who’s the Real Villain?,7369,2025-05-17 17:00:00
2025-05-17 18:34:00,Petty POV with Charlotte Dobre,My Fiancé & I Judge Wild Dating Disasters – Who’s the Real Villain?,75953,2025-05-17 18:00:00
2025-05-18 03:08:00,Bach and Arthur Podcast,You're All Hypocrites (And So Are We),3546592,2025-05-18 03:00:00
2025-05-18 03:08:00,Petty POV with Charlotte Dobre,My Fiancé & I Judge Wild Dating Disasters – Who’s the Real Villain?,13748,2025-05-18 03:00:00
2025-05-18 03:08:00,Petty POV with Charlotte Dobre,My Fiancé & I Judge Wild Dating Disasters – Who’s the Real Villain?,10745,2025-05-18 03:00:00
2025-05-19 14:27:00,Petty POV with Charlotte Dobre,My Fiancé & I Judge Wild Dating Disasters – Who’s the Real Villain?,0,2025-05-19 14:00:00
2025-05-19 15:24:00,Crime Junkie,SERIAL KILLER: The Doodler,3437061,2025-05-19 15:00:00
2025-05-19 17:00:00,Behind You,She Catfished her Best Friend for Years then Killed her: Case of Ranae Marsden,1296694,2025-05-19 17:00:00
2025-05-19 19:17:00,Behind You,She Catfished her Best Friend for Years then Killed her: Case of Ranae Marsden,340941,2025-05-19 19:00:00
2025-05-19 20:00:00,Behind You,She Catfished her Best Friend for Years then Killed her: Case of Ranae Marsden,8967,2025-05-19 20:00:00
2025-05-22 01:50:00,Get Sleepy: Sleep meditation and stories,The Sleepy History of the English Landscape Garden,3590,2025-05-22 01:00:00
2025-05-22 15:25:00,Talking Counter,"Episode 135: PGL Astana - FURIA's gamble pays off, G2 stumbles, Return of the IGL for NiP & Astralis",460,2025-05-22 15:00:00
2025-05-22 15:27:00,Talking Counter,"Episode 135: PGL Astana - FURIA's gamble pays off, G2 stumbles, Return of the IGL for NiP & Astralis",111704,2025-05-22 15:00:00
2025-05-22 17:20:00,Talking Counter,"Episode 135: PGL Astana - FURIA's gamble pays off, G2 stumbles, Return of the IGL for NiP & Astralis",1104,2025-05-22 17:00:00
2025-05-23 03:10:00,Bach and Arthur Podcast,Signing For Prime & Why Fish Are Having A Brat Summer,4066092,2025-05-23 03:00:00
2025-05-23 03:10:00,Get Sleepy: Sleep meditation and stories,The Sleepy History of the English Landscape Garden,0,2025-05-23 03:00:00
2025-05-25 02:51:00,Mystery Mondays,The Twisted Case of Ted Ammon,250670,2025-05-25 02:00:00
2025-05-25 18:02:00,Father Knows Something,169: Father Knows: The Parents...,1443,2025-05-25 18:00:00
2025-05-25 18:02:00,Father Knows Something,169: Father Knows: The Parents...,2610,2025-05-25 18:00:00
2025-05-25 23:18:00,Father Knows Something,169: Father Knows: The Parents...,0,2025-05-25 23:00:00
2025-05-25 23:41:00,Father Knows Something,169: Father Knows: The Parents...,49121,2025-05-25 23:00:00
2025-05-26 17:01:00,Behind You,When a FAKE Officer matches with a REAL Officer on Tinder: Case of Rice Treshon Dukes,440,2025-05-26 17:00:00
2025-05-26 20:00:00,Behind You,When a FAKE Officer matches with a REAL Officer on Tinder: Case of Rice Treshon Dukes,210,2025-05-26 20:00:00
2025-05-28 18:56:00,Mystery Mondays,The Twisted Case of Ted Ammon,2314020,2025-05-28 18:00:00
2025-05-29 15:12:00,Mystery Mondays,The Twisted Case of Ted Ammon,2459935,2025-05-29 15:00:00
2025-05-31 01:41:00,Crime Junkie,MURDERED: Peggy Hettrick Part 1,3302954,2025-05-31 01:00:00
2025-05-31 17:24:00,Mystery Mondays,The Unbelievable Case of Alison Botha | Nearly Decapitated and Left for Dead,1143770,2025-05-31 17:00:00
2025-05-31 17:24:00,Motives and Malice with Brooke Makenna,Her Serial Killer Dad Exposed Her Killer Husband,1851,2025-05-31 17:00:00
2025-05-31 17:24:00,Motives and Malice with Brooke Makenna,Her Serial Killer Dad Exposed Her Killer Husband,1510,2025-05-31 17:00:00
2025-05-31 17:44:00,Mystery Mondays,The Unbelievable Case of Alison Botha | Nearly Decapitated and Left for Dead,1183812,2025-05-31 17:00:00
2025-05-31 18:35:00,Behind You,Teacher Has S*x with Student then Blames the Victim: Case of Christina Formella,3073680,2025-05-31 18:00:00
2025-05-31 19:03:00,Mystery Mondays,SOLVED AFTER 41 YEARS | The Heartbreaking Case of John McCabe,370102,2025-05-31 19:00:00
2025-05-31 19:08:00,Mystery Mondays,SOLVED AFTER 41 YEARS | The Heartbreaking Case of John McCabe,168403,2025-05-31 19:00:00
2025-05-31 19:39:00,Mystery Mondays,SOLVED AFTER 41 YEARS | The Heartbreaking Case of John McCabe,1407707,2025-05-31 19:00:00
2025-05-31 23:31:00,Crime Junkie,MURDERED: Peggy Hettrick Part 2,2645913,2025-05-31 23:00:00
2025-05-31 23:31:00,Motives and Malice with Brooke Makenna,Her Serial Killer Dad Exposed Her Killer Husband,2735,2025-05-31 23:00:00
2025-05-31 23:42:00,Motives and Malice with Brooke Makenna,Her Serial Killer Dad Exposed Her Killer Husband,119997,2025-05-31 23:00:00
2025-06-01 19:18:00,The Useless Hotline,WHO’S SMARTER!? Max & George Play YouTuber Countdown!,1237,2025-06-01 19:00:00
2025-06-01 19:39:00,The Useless Hotline,WHO’S SMARTER!? Max & George Play YouTuber Countdown!,3030,2025-06-01 19:00:00
2025-06-01 19:39:00,The Useless Hotline,Ami Charlize Tells Coachella Truth and Influencer Dating!,1151794,2025-06-01 19:00:00
2025-06-02 00:31:00,The Useless Hotline,Ami Charlize Tells Coachella Truth and Influencer Dating!,3567650,2025-06-02 00:00:00
2025-06-02 00:36:00,The Useless Hotline,Ami Charlize Tells Coachella Truth and Influencer Dating!,319556,2025-06-02 00:00:00
2025-06-02 00:56:00,The Useless Hotline,WHO’S SMARTER!? Max & George Play YouTuber Countdown!,243631,2025-06-02 00:00:00
2025-06-02 14:21:00,The Useless Hotline,WHO’S SMARTER!? Max & George Play YouTuber Countdown!,565871,2025-06-02 14:00:00
2025-06-02 15:54:00,Mystery Mondays,The Heartbreaking Case of Damien Nettles,3673,2025-06-02 15:00:00
2025-06-02 15:57:00,Mystery Mondays,The Heartbreaking Case of Damien Nettles,1443,2025-06-02 15:00:00
2025-06-02 22:00:00,Mystery Mondays,The Heartbreaking Case of Damien Nettles,0,2025-06-02 22:00:00
2025-06-03 15:05:00,Mystery Mondays,SOLVED: The case of Shannon Matthews,0,2025-06-03 15:00:00
2025-06-03 15:05:00,Mystery Mondays,SOLVED: The case of Shannon Matthews,3010,2025-06-03 15:00:00
2025-06-03 16:32:00,Mystery Mondays,SOLVED: The case of Shannon Matthews,590,2025-06-03 16:00:00
2025-06-03 18:21:00,Mystery Mondays,SOLVED: The case of Shannon Matthews,0,2025-06-03 18:00:00
2025-06-03 20:19:00,Rotten Mango,We Ran Into Some WEIRD People During Diddy’s Trial…,3123078,2025-06-03 20:00:00
2025-06-03 20:19:00,Mystery Mondays,SOLVED: The case of Shannon Matthews,270,2025-06-03 20:00:00
2025-06-04 15:24:00,Rotten Mango,We Ran Into Some WEIRD People During Diddy’s Trial…,4566810,2025-06-04 15:00:00
2025-06-04 16:35:00,Mystery Mondays,SOLVED AFTER 23 YEARS: The Case of Sherri Rasmussen,30911,2025-06-04 16:00:00
2025-06-04 16:47:00,Mystery Mondays,SOLVED AFTER 23 YEARS: The Case of Sherri Rasmussen,3201,2025-06-04 16:00:00
2025-06-04 16:48:00,Mystery Mondays,SOLVED AFTER 23 YEARS: The Case of Sherri Rasmussen,0,2025-06-04 16:00:00
2025-06-04 16:48:00,Mystery Mondays,SOLVED AFTER 23 YEARS: The Case of Sherri Rasmussen,421,2025-06-04 16:00:00
2025-06-04 16:48:00,Mystery Mondays,SOLVED AFTER 23 YEARS: The Case of Sherri Rasmussen,2521,2025-06-04 16:00:00
2025-06-04 16:48:00,Rotten Mango,We Ran Into Some WEIRD People During Diddy’s Trial…,812300,2025-06-04 16:00:00
2025-06-04 18:20:00,Mystery Mondays,SOLVED AFTER 23 YEARS: The Case of Sherri Rasmussen,31001,2025-06-04 18:00:00
2025-06-04 19:48:00,Mystery Mondays,SOLVED AFTER 23 YEARS: The Case of Sherri Rasmussen,0,2025-06-04 19:00:00
2025-06-04 19:48:00,Mystery Mondays,SOLVED AFTER 23 YEARS: The Case of Sherri Rasmussen,3471,2025-06-04 19:00:00
2025-06-04 22:04:00,Mystery Mondays,SOLVED AFTER 23 YEARS: The Case of Sherri Rasmussen,71,2025-06-04 22:00:00
2025-06-04 22:04:00,Mystery Mondays,SOLVED AFTER 23 YEARS: The Case of Sherri Rasmussen,0,2025-06-04 22:00:00
2025-06-04 22:09:00,Mystery Mondays,SOLVED AFTER 23 YEARS: The Case of Sherri Rasmussen,2861559,2025-06-04 22:00:00
2025-06-04 22:09:00,Mystery Mondays,SOLVED AFTER 23 YEARS: The Case of Sherri Rasmussen,240,2025-06-04 22:00:00
2025-06-05 16:48:00,Mystery Mondays,SOLVED AFTER 23 YEARS: The Case of Sherri Rasmussen,0,2025-06-05 16:00:00
2025-06-05 16:48:00,Mystery Mondays,SOLVED AFTER 23 YEARS: The Case of Sherri Rasmussen,50009,2025-06-05 16:00:00
2025-06-05 16:48:00,Mystery Mondays,SOLVED AFTER 23 YEARS: The Case of Sherri Rasmussen,1561,2025-06-05 16:00:00
2025-06-05 18:08:00,Mystery Mondays,SOLVED AFTER 23 YEARS: The Case of Sherri Rasmussen,341,2025-06-05 18:00:00
2025-06-05 18:58:00,Mystery Mondays,She Held a Goodbye Party For Her Boyfriend Before Killing Him | THE CASE OF JOE CINQUE,1700,2025-06-05 18:00:00
2025-06-05 20:14:00,Bach and Arthur Podcast,Our Most Explicit Episode Yet...,4533945,2025-06-05 20:00:00
2025-06-05 22:24:00,True Crime with Kendall Rae,Nursing Student Killed by Fellow Peer?! What Happened to Haley Anderson?,1787520,2025-06-05 22:00:00
2025-06-05 22:24:00,Mystery Mondays,She Held a Goodbye Party For Her Boyfriend Before Killing Him | THE CASE OF JOE CINQUE,9550,2025-06-05 22:00:00
2025-06-05 22:24:00,Mystery Mondays,She Held a Goodbye Party For Her Boyfriend Before Killing Him | THE CASE OF JOE CINQUE,0,2025-06-05 22:00:00
2025-06-05 22:25:00,Mystery Mondays,She Held a Goodbye Party For Her Boyfriend Before Killing Him | THE CASE OF JOE CINQUE,4340,2025-06-05 22:00:00
2025-06-06 00:34:00,Mystery Mondays,She Held a Goodbye Party For Her Boyfriend Before Killing Him | THE CASE OF JOE CINQUE,330,2025-06-06 00:00:00
2025-06-06 00:37:00,Mystery Mondays,She Held a Goodbye Party For Her Boyfriend Before Killing Him | THE CASE OF JOE CINQUE,1300,2025-06-06 00:00:00
2025-06-07 18:36:00,Spotify Presents,Spotify Presents: Travis Scott Live from Barcelona,4300,2025-06-07 18:00:00
2025-06-07 19:35:00,Mystery Mondays,The Mysterious Death of Annie Börjesson | Was it a CIA Cover-Up?,3440781,2025-06-07 19:00:00
2025-06-07 23:36:00,Bach and Arthur Podcast,AB On Overcoming Humiliation & What It Is To Be A Man,199313,2025-06-07 23:00:00
2025-06-07 23:36:00,Bach and Arthur Podcast,AB On Overcoming Humiliation & What It Is To Be A Man,26122,2025-06-07 23:00:00
2025-06-08 03:10:00,Ray William Johnson: True Story Podcast ,The OnlyFans Murder - The Story of Fake Barbie,1130,2025-06-08 03:00:00
2025-06-09 15:55:00,Bad Friends,"A Penguin, A Nun, and an Ostrich w/ Shia Labeouf and David Mamet ",7810,2025-06-09 15:00:00
2025-06-09 16:00:00,Bad Friends,"A Penguin, A Nun, and an Ostrich w/ Shia Labeouf and David Mamet ",0,2025-06-09 16:00:00
2025-06-09 16:00:00,Bad Friends,"A Penguin, A Nun, and an Ostrich w/ Shia Labeouf and David Mamet ",277004,2025-06-09 16:00:00
2025-06-09 19:10:00,Mystery Mondays,SOLVED AFTER 17 YEARS | The Unbelievable Case of Mike Williams,600,2025-06-09 19:00:00
2025-06-09 20:19:00,Crime Junkie,MISSING: The Gospel Trio,3228630,2025-06-09 20:00:00
2025-06-10 19:12:00,Outlore with Eleanor Neale,"The Homophobic Trial of 4 ""Satanic"" Lesbians",3830,2025-06-10 19:00:00
2025-06-10 23:34:00,Outlore with Eleanor Neale,"The Homophobic Trial of 4 ""Satanic"" Lesbians",15250,2025-06-10 23:00:00
2025-06-11 00:45:00,Mystery Mondays,SOLVED AFTER 17 YEARS | The Unbelievable Case of Mike Williams,1190,2025-06-11 00:00:00
2025-06-11 01:05:00,Mystery Mondays,SOLVED AFTER 17 YEARS | The Unbelievable Case of Mike Williams,43743,2025-06-11 01:00:00
2025-06-11 01:11:00,Mystery Mondays,SOLVED AFTER 17 YEARS | The Unbelievable Case of Mike Williams,0,2025-06-11 01:00:00
2025-06-11 01:18:00,Mystery Mondays,SOLVED AFTER 17 YEARS | The Unbelievable Case of Mike Williams,32971,2025-06-11 01:00:00
2025-06-11 01:27:00,Mystery Mondays,SOLVED AFTER 17 YEARS | The Unbelievable Case of Mike Williams,0,2025-06-11 01:00:00
2025-06-11 01:41:00,Mystery Mondays,SOLVED AFTER 17 YEARS | The Unbelievable Case of Mike Williams,53560,2025-06-11 01:00:00
2025-06-11 01:53:00,Mystery Mondays,SOLVED AFTER 17 YEARS | The Unbelievable Case of Mike Williams,0,2025-06-11 01:00:00
2025-06-11 13:08:00,Bad Friends,"A Penguin, A Nun, and an Ostrich w/ Shia Labeouf and David Mamet ",0,2025-06-11 13:00:00
2025-06-11 16:46:00,Mystery Mondays,THE COLEMAN FAMILY MURDERS,1711,2025-06-11 16:00:00
2025-06-11 16:46:00,Mystery Mondays,THE COLEMAN FAMILY MURDERS,1100,2025-06-11 16:00:00
2025-06-11 17:21:00,Crime Junkie,UPDATE: Kimberly Doss,1552666,2025-06-11 17:00:00
2025-06-12 13:21:00,Crime Junkie,MISSING: The Gospel Trio,2646560,2025-06-12 13:00:00
2025-06-12 17:56:00,Mystery Mondays,The Disturbing Case of the Amazon Review Killer,0,2025-06-12 17:00:00
2025-06-12 17:56:00,The Useless Hotline,Arthur Hill Reveals What Tour Life Is REALLY Like and Plays Who Wants To Be A Millionaire,3104050,2025-06-12 17:00:00
2025-06-12 17:57:00,Mystery Mondays,The Disturbing Case of the Amazon Review Killer,0,2025-06-12 17:00:00
2025-06-12 20:18:00,Mystery Mondays,The Disturbing Case of the Amazon Review Killer,0,2025-06-12 20:00:00
2025-06-12 23:45:00,Bach and Arthur Podcast,Ignorance is Bliss,3546598,2025-06-12 23:00:00
2025-06-12 23:46:00,Bach and Arthur Podcast,Ignorance is Bliss,24637,2025-06-12 23:00:00
2025-06-14 21:09:00,Mystery Mondays,The Disturbing Case of the Amazon Review Killer,0,2025-06-14 21:00:00
2025-06-14 21:28:00,Mystery Mondays,The Disturbing Case of the Amazon Review Killer,1840,2025-06-14 21:00:00
2025-06-14 21:28:00,Mystery Mondays,The Disturbing Case of the Amazon Review Killer,740,2025-06-14 21:00:00
2025-06-15 13:13:00,Mystery Mondays,Couple Adopted Their Own Killer | The Case of the Shaughnessy Family,1490,2025-06-15 13:00:00
2025-06-15 15:16:00,Mystery Mondays,Couple Adopted Their Own Killer | The Case of the Shaughnessy Family,410,2025-06-15 15:00:00
2025-06-15 15:16:00,Right Answers Mostly,Steve Madden: From Jail to Retail,1142,2025-06-15 15:00:00
2025-06-15 15:17:00,Right Answers Mostly,Steve Madden: From Jail to Retail,1180,2025-06-15 15:00:00
2025-06-15 16:47:00,Mystery Mondays,SOLVED AFTER 32 YEARS | The Case of Melanie Road,2009420,2025-06-15 16:00:00
2025-06-15 16:53:00,Mystery Mondays,SOLVED AFTER 32 YEARS | The Case of Melanie Road,315880,2025-06-15 16:00:00
2025-06-15 16:53:00,Right Answers Mostly,Steve Madden: From Jail to Retail,207,2025-06-15 16:00:00
2025-06-15 16:54:00,Right Answers Mostly,Steve Madden: From Jail to Retail,617,2025-06-15 16:00:00
2025-06-15 16:56:00,Mystery Mondays,Couple Adopted Their Own Killer | The Case of the Shaughnessy Family,3300,2025-06-15 16:00:00
2025-06-15 16:56:00,Right Answers Mostly,Steve Madden: From Jail to Retail,6052,2025-06-15 16:00:00
2025-06-15 16:56:00,Behind You,When a FAKE Officer matches with a REAL Officer on Tinder: Case of Rice Treshon Dukes,1460,2025-06-15 16:00:00
2025-06-15 16:56:00,Outlore with Eleanor Neale,OnlyFans Model MURDERED & IMPERSONATED by her Killer!,1890,2025-06-15 16:00:00
2025-06-15 16:56:00,Other People’s Lives,I Used to Be A Pedophile,785,2025-06-15 16:00:00
2025-06-15 16:57:00,TRUE CRIME with Bratterstein,They Said It Was for Satan: The Disturbing Death of 15-Year-Old Corriann Cervantes,2880,2025-06-15 16:00:00
2025-06-15 16:57:00,TRUE CRIME with Bratterstein,They Said It Was for Satan: The Disturbing Death of 15-Year-Old Corriann Cervantes,29006,2025-06-15 16:00:00
2025-06-15 17:39:00,Behind You,Drunk Woman Laughs after Learning She Killed 2 People: Case of Andrea and Paul,2581802,2025-06-15 17:00:00
2025-06-15 18:28:00,TRUE CRIME with Bratterstein,They Said It Was for Satan: The Disturbing Death of 15-Year-Old Corriann Cervantes,29016,2025-06-15 18:00:00
2025-06-15 18:28:00,TRUE CRIME with Bratterstein,They Said It Was for Satan: The Disturbing Death of 15-Year-Old Corriann Cervantes,7500,2025-06-15 18:00:00
2025-06-15 18:28:00,TRUE CRIME with Bratterstein,They Said It Was for Satan: The Disturbing Death of 15-Year-Old Corriann Cervantes,29006,2025-06-15 18:00:00
2025-06-15 18:33:00,TRUE CRIME with Bratterstein,They Said It Was for Satan: The Disturbing Death of 15-Year-Old Corriann Cervantes,29006,2025-06-15 18:00:00
2025-06-15 18:33:00,TRUE CRIME with Bratterstein,They Said It Was for Satan: The Disturbing Death of 15-Year-Old Corriann Cervantes,610,2025-06-15 18:00:00
2025-06-15 18:35:00,TRUE CRIME with Bratterstein,They Said It Was for Satan: The Disturbing Death of 15-Year-Old Corriann Cervantes,470,2025-06-15 18:00:00
2025-06-15 18:35:00,TRUE CRIME with Bratterstein,They Said It Was for Satan: The Disturbing Death of 15-Year-Old Corriann Cervantes,29007,2025-06-15 18:00:00
2025-06-15 18:47:00,TRUE CRIME with Bratterstein,They Said It Was for Satan: The Disturbing Death of 15-Year-Old Corriann Cervantes,0,2025-06-15 18:00:00
2025-06-15 18:56:00,Mile Higher,349: She Was Murdered While Visiting Mozambique & They Covered It Up: Justice for Elly Warren,4570802,2025-06-15 18:00:00
2025-06-15 19:03:00,TRUE CRIME with Bratterstein,They Said It Was for Satan: The Disturbing Death of 15-Year-Old Corriann Cervantes,609,2025-06-15 19:00:00
2025-06-15 19:33:00,"Crime, Conspiracy, Cults and Murder",Ep. 21 | The Green River Killer | The MOST Sickening Serial Killer in America,620,2025-06-15 19:00:00
2025-06-15 19:33:00,Unseen,Unmasking the Bleach Killer | The Case of Lydia Tillman | UNSEEN,1090,2025-06-15 19:00:00
2025-06-15 19:33:00,We're All Insane,I Dated a Pedophile,4170,2025-06-15 19:00:00
2025-06-15 19:33:00,We're All Insane,I Dated a Pedophile,540,2025-06-15 19:00:00
2025-06-15 19:33:00,Two Hot Takes,219: Trip to the Edge.. Ft. Chris Klemens & Michaela Okland,1368,2025-06-15 19:00:00
2025-06-15 19:33:00,The Comment Section with Drew Afualo,DOING BLASPHEMY Ft. Caleb Hearon | Episode 171,730,2025-06-15 19:00:00
2025-06-15 19:33:00,The Comment Section with Drew Afualo,DOING BLASPHEMY Ft. Caleb Hearon | Episode 171,460,2025-06-15 19:00:00
2025-06-15 19:33:00,TRUE CRIME with Bratterstein,They Said It Was for Satan: The Disturbing Death of 15-Year-Old Corriann Cervantes,5160,2025-06-15 19:00:00
2025-06-16 16:03:00,Outlore with Eleanor Neale,The Transfemicide of Brianna Ghey,2282620,2025-06-16 16:00:00
2025-06-16 16:03:00,Outlore with Eleanor Neale,"The Homophobic Trial of 4 ""Satanic"" Lesbians",484,2025-06-16 16:00:00
2025-06-16 16:04:00,Outlore with Eleanor Neale,"The Homophobic Trial of 4 ""Satanic"" Lesbians",8834,2025-06-16 16:00:00
2025-06-16 18:11:00,Crime Junkie,MURDERED: Jennifer Farber Dulos,3968062,2025-06-16 18:00:00
2025-06-16 18:12:00,Outlore with Eleanor Neale,"The Homophobic Trial of 4 ""Satanic"" Lesbians",4318,2025-06-16 18:00:00
2025-06-17 00:04:00,Outlore with Eleanor Neale,"The Homophobic Trial of 4 ""Satanic"" Lesbians",1004,2025-06-17 00:00:00
2025-06-17 00:04:00,Outlore with Eleanor Neale,"The Homophobic Trial of 4 ""Satanic"" Lesbians",2923,2025-06-17 00:00:00
2025-06-17 16:08:00,Mystery Mondays,The Shocking Case of Ellen Greenberg,505,2025-06-17 16:00:00
2025-06-17 16:49:00,Mystery Mondays,The Shocking Case of Ellen Greenberg,663,2025-06-17 16:00:00
2025-06-17 16:49:00,Mystery Mondays,The Shocking Case of Ellen Greenberg,0,2025-06-17 16:00:00
2025-06-20 01:36:00,Behind You,Woman Steals Baby out of Mothers Stomach: Case of Reagan- Simmons Hancock,3830678,2025-06-20 01:00:00
2025-06-20 15:11:00,Mystery Mondays,The Tragic Case of Nathan Carman,2862710,2025-06-20 15:00:00
2025-06-21 20:20:00,Bach and Arthur Podcast,Getting Freaky in Amsterdam with ChrisMD & Arthur Bought a Monkey,1578,2025-06-21 20:00:00
2025-06-21 20:29:00,Bach and Arthur Podcast,Bach and Arthur Podcast Trailer,11370,2025-06-21 20:00:00
2025-06-21 23:23:00,Bach and Arthur Podcast,Getting Freaky in Amsterdam with ChrisMD & Arthur Bought a Monkey,1556800,2025-06-21 23:00:00
2025-06-22 00:27:00,Bach and Arthur Podcast,Getting Freaky in Amsterdam with ChrisMD & Arthur Bought a Monkey,2450234,2025-06-22 00:00:00
2025-06-22 21:27:00,Behind You,When a FAKE Officer matches with a REAL Officer on Tinder: Case of Rice Treshon Dukes,1112000,2025-06-22 21:00:00
2025-06-23 20:41:00,Crime Junkie,"MISSING: Jennifer, Sidney, & Monique",2302850,2025-06-23 20:00:00
2025-06-23 23:19:00,Crime Junkie,"MISSING: Jennifer, Sidney, & Monique",3030,2025-06-23 23:00:00
2025-06-24 18:13:00,Mystery Mondays,SOLVED: The Twisted Case of Mary Ann Murphy,3268580,2025-06-24 18:00:00
2025-06-24 19:33:00,Mile Higher,350: Last Seen On CCTV Acting Bizarre & Then He Suspiciously Vanished: The Damien Nettles Mystery,4798200,2025-06-24 19:00:00
2025-06-24 20:05:00,Outlore with Eleanor Neale,Held Hostage and Tortured by a PopStar,1894980,2025-06-24 20:00:00
2025-06-25 16:48:00,Moral Of The Story,30 Korean Men Have To Pick “Future Wife” To Marry In Minutes On Speed Dating Show,2664320,2025-06-25 16:00:00
2025-06-25 19:55:00,Moral Of The Story,"Chinese ""Sibling Romance"" Show Made Me Question Every Relationship I Know",2208400,2025-06-25 19:00:00
2025-06-25 20:25:00,Moral Of The Story,"Chinese ""Sibling Romance"" Show Made Me Question Every Relationship I Know",1510009,2025-06-25 20:00:00
2025-06-26 17:32:00,Moral Of The Story,"Mid Guys On Korean Dating Show Demand “Open-Minded, Hot, Motherly, Rich” Girls To Marry Them",2001520,2025-06-26 17:00:00
2025-06-26 19:06:00,True Crime with Kendall Rae,Abducted on Her Morning Run by Pure Evil: The Murder of Eliza Fletcher,4234930,2025-06-26 19:00:00
2025-06-26 19:52:00,Behind You,Catfished her Fiancé to Murder his Secret Lover's Family: Case of the Blome Family,2791200,2025-06-26 19:00:00
2025-06-27 01:17:00,Outlore with Eleanor Neale,The ‘Gay Slayer’ Mass Murderer,76410,2025-06-27 01:00:00
2025-06-30 17:38:00,Crime Junkie,MYSTERIOUS DEATH OF: Jeannette Bishop May & Gabriella Guerin,4051956,2025-06-30 17:00:00
2025-06-30 18:29:00,The Deck,"Luther Meshell (9 of Hearts, Louisiana)",458470,2025-06-30 18:00:00
2025-06-30 23:26:00,The Deck,"Luther Meshell (9 of Hearts, Louisiana)",26866,2025-06-30 23:00:00
2025-06-30 23:26:00,The Deck,"Luther Meshell (9 of Hearts, Louisiana)",3060,2025-06-30 23:00:00
2025-07-01 23:30:00,Mystery Mondays,SOLVED AFTER 20 YEARS | The Case of Lesley Howell and Trevor Buchanan,2389620,2025-07-01 23:00:00
2025-07-01 23:31:00,Mystery Mondays,SOLVED AFTER 20 YEARS | The Case of Lesley Howell and Trevor Buchanan,78820,2025-07-01 23:00:00
2025-07-01 23:49:00,Mystery Mondays,SOLVED AFTER 20 YEARS | The Case of Lesley Howell and Trevor Buchanan,895700,2025-07-01 23:00:00
2025-07-04 22:50:00,Above The Influence Show,#15 The Guide To Dating a Rich Man from Two Millionaires,0,2025-07-04 22:00:00
2025-07-08 22:14:00,Crime Junkie,MISSING: John & Shelly Markley,3036180,2025-07-08 22:00:00
2025-07-09 01:34:00,Crime Junkie,MISSING: John & Shelly Markley,427,2025-07-09 01:00:00
2025-07-14 18:54:00,Crime Junkie,INFAMOUS: University of Idaho Murders,5802453,2025-07-14 18:00:00
2025-07-14 18:55:00,Bach and Arthur Podcast,And Now For Our Kinkiest Episode Yet,10107,2025-07-14 18:00:00
2025-07-14 19:32:00,Mystery Mondays,THE CALDWELL TRIPLE MURDERS,2267881,2025-07-14 19:00:00
2025-07-16 00:25:00,Bach and Arthur Podcast,"Good or Evil, the Genie Ultimatum & Listening to your GUILTY Voice Notes",1807750,2025-07-16 00:00:00
2025-07-16 15:51:00,Bach and Arthur Podcast,"Good or Evil, the Genie Ultimatum & Listening to your GUILTY Voice Notes",545740,2025-07-16 15:00:00
2025-07-16 18:58:00,Mystery Mondays,Dad Framed 14-Year-Old Son for Murder? | The Case of Michael Politte,2078460,2025-07-16 18:00:00
2025-07-16 19:33:00,Murder In America,EP. 207: CALIFORNIA - The Incest Family Murder Cult,0,2025-07-16 19:00:00
2025-07-16 19:45:00,The Criminal Makeup,The Most TERRIFYING Serial Killer the FBI has EVER SEEN - Israel Keyes,5350,2025-07-16 19:00:00
2025-07-16 20:20:00,Mystery Mondays,Couple Adopted Their Own Killer | The Case of the Shaughnessy Family,1483574,2025-07-16 20:00:00
